customer_id,recency,frequency,monetary,R_rank_norm,F_rank_norm,M_rank_norm,RFM_Score,segment
12346,325,25,77352.96,28.82,29.8,99.69,69.49,1
12347,2,222,5633.32,97.17,84.85,90.36,89.84,1
12348,75,42,1658.4,54.19,43.97,67.4,58.86,1
12349,18,172,3678.69,80.97,80.21,84.23,82.61,1
12350,310,16,294.4,29.95,19.57,20.32,21.55,0
12351,375,21,300.93,25.68,25.62,20.81,22.89,0
12352,36,95,1729.54,68.89,66.82,68.59,68.14,1
12353,204,24,406.76,38.47,28.77,29.75,30.78,0
12354,232,58,1079.4,36.38,53.2,56.19,52.38,0
12355,214,35,947.61,37.56,38.89,52.36,46.37,0
12356,22,138,5613.68,78.0,75.47,90.26,84.28,1
12357,33,295,17437.66,70.06,89.52,98.02,91.45,1
12358,1,73,3447.07,98.82,59.71,83.22,78.98,1
12359,57,360,8935.94,60.75,92.35,94.51,88.85,1
12360,52,211,3612.89,62.42,83.93,83.9,80.69,1
12361,287,25,451.25,31.44,29.8,32.52,31.6,0
12362,3,256,4737.23,95.6,87.36,88.31,89.14,1
12363,109,23,552.0,48.23,27.7,37.29,36.24,0
12364,7,81,1208.1,91.75,62.63,59.47,65.19,1
12365,291,21,320.69,31.05,25.62,22.97,24.92,0
12366,633,3,500.24,4.35,3.06,34.79,21.34,0
12367,4,10,150.9,93.99,11.83,8.61,22.32,0
12368,628,18,917.7,4.61,22.05,51.16,36.03,0
12369,413,90,1511.15,19.35,65.35,65.24,58.39,0
12370,51,197,3960.31,62.88,82.78,85.44,81.31,1
12371,59,163,3347.38,59.82,79.1,82.59,78.2,1
12372,71,49,1196.04,55.84,48.49,59.11,55.64,1
12373,311,48,927.65,29.8,47.9,51.61,47.3,0
12374,25,81,2669.22,75.21,62.63,78.23,73.41,1
12375,10,15,377.5,87.92,18.32,27.53,34.01,0
12376,389,11,383.15,23.01,13.32,27.94,23.11,0
12377,315,150,3266.32,29.51,77.33,82.06,72.85,1
12378,129,301,5416.32,45.96,89.92,89.87,83.29,1
12379,81,77,1470.22,52.55,61.07,64.66,61.84,1
12380,21,267,7210.65,79.01,88.12,92.98,89.52,1
12381,4,82,1474.81,93.99,62.96,64.71,68.61,1
12383,184,94,1628.56,40.48,66.55,67.07,62.94,1
12384,28,25,425.27,73.75,29.8,31.0,37.08,0
12385,379,64,1668.4,24.95,56.05,67.5,57.91,0
12386,337,10,660.8,28.15,11.83,41.92,31.43,0
12387,415,9,143.94,19.01,10.38,7.86,10.24,0
12388,15,146,3901.11,84.24,76.79,85.22,82.71,1
12389,402,49,1433.33,20.83,48.49,64.08,53.23,0
12390,79,31,504.84,53.08,35.52,34.98,37.84,0
12391,21,259,2773.42,79.01,87.58,78.76,81.27,1
12392,591,7,234.75,6.74,7.81,16.37,12.53,0
12393,72,106,2399.45,55.35,69.4,75.97,71.04,1
12394,63,25,1080.48,58.53,29.8,56.24,49.18,1
12395,19,227,4551.27,80.0,85.31,87.7,85.87,1
12396,674,65,931.43,2.48,56.46,51.71,45.65,0
12397,35,124,2214.9,69.46,72.87,74.23,73.14,1
12398,45,84,1435.66,65.05,63.56,64.1,64.09,1
12399,119,103,1842.3,47.04,68.68,70.27,66.34,1
12400,414,11,205.25,19.17,13.32,13.68,14.4,0
12401,303,4,69.3,30.42,4.04,1.79,6.72,0
12402,323,64,1136.9,28.93,56.05,57.71,52.93,0
12403,49,7,947.36,63.98,7.81,52.34,41.62,0
12405,148,53,1390.39,44.16,50.85,63.26,56.92,1
12406,22,165,6390.36,78.0,79.31,91.71,86.18,1
12407,49,72,1507.12,63.98,59.38,65.05,63.3,1
12408,32,152,3905.77,70.68,77.61,85.25,80.93,1
12409,78,264,23419.29,53.46,87.9,98.68,88.88,1
12410,308,38,773.71,30.14,41.08,45.88,42.18,0
12411,409,22,346.9,19.93,26.64,25.09,24.75,0
12412,74,121,2404.93,54.56,72.23,76.04,71.75,1
12413,66,48,871.45,57.08,47.9,49.71,50.31,1
12414,217,22,532.41,37.33,26.64,36.21,33.7,0
12415,24,922,144033.37,76.03,98.55,99.85,95.91,2
12416,656,11,202.56,3.29,13.32,13.43,11.88,0
12417,3,350,6017.91,95.6,92.0,91.1,92.03,1
12418,112,102,2021.2,47.93,68.45,72.2,67.51,1
12419,385,23,391.01,23.74,27.7,28.69,27.67,0
12420,63,29,600.39,58.53,33.69,39.29,40.61,0
12421,15,59,874.6,84.24,53.67,49.81,56.06,1
12422,95,162,3639.35,50.05,78.96,84.09,77.55,1
12423,0,155,2301.39,100.0,78.08,75.1,79.67,1
12424,162,92,3340.03,42.66,65.96,82.52,71.9,1
12425,78,91,1741.41,53.46,65.62,68.76,65.59,1
12426,194,75,1201.21,39.42,60.4,59.31,56.63,1
12427,21,28,949.3,79.01,32.66,52.48,50.91,1
12428,25,287,6405.26,75.21,89.12,91.78,88.55,1
12429,9,150,6979.91,89.18,77.33,92.72,87.88,1
12430,43,10,216.4,65.96,11.83,14.69,21.58,0
12431,35,385,10527.97,69.46,93.18,95.81,91.12,1
12432,42,107,4359.32,66.38,69.66,86.89,78.99,1
12433,0,559,20581.26,100.0,96.16,98.38,98.0,1
12434,84,70,1103.43,52.17,58.52,56.89,56.64,1
12435,79,112,13925.93,53.08,70.74,97.21,83.18,1
12436,99,15,429.01,49.55,18.32,31.25,30.38,0
12437,1,529,11282.4,98.82,95.85,96.1,96.44,1
12438,14,96,2466.85,85.13,67.09,76.54,75.18,1
12439,682,71,1158.18,2.11,58.95,58.15,49.97,0
12440,462,30,739.2,14.1,34.62,44.91,37.41,0
12441,366,10,311.1,27.02,11.83,22.1,19.96,0
12442,3,11,144.06,95.6,13.32,7.91,22.58,0
12443,732,20,365.31,0.58,24.59,26.71,22.2,0
12444,21,172,4085.46,79.01,80.21,85.94,83.3,1
12445,22,23,378.98,78.0,27.7,27.56,35.17,0
12446,57,57,1002.31,60.75,52.73,53.9,54.6,1
12447,243,25,431.49,35.17,29.8,31.37,31.5,0
12448,44,21,365.45,65.48,25.62,26.73,32.23,0
12449,22,196,4274.89,78.0,82.64,86.57,84.18,1
12450,156,37,688.2,43.29,40.31,43.1,42.35,0
12451,10,510,12629.88,87.92,95.59,96.75,95.1,1
12452,16,20,348.57,83.19,24.59,25.21,33.73,0
12453,134,43,707.09,45.38,44.73,43.76,44.28,0
12454,56,39,16459.78,61.2,41.83,97.81,76.65,1
12455,73,220,5722.95,54.93,84.71,90.6,83.6,1
12456,44,122,2581.04,65.48,72.47,77.51,74.3,1
12457,66,80,2555.91,57.08,62.26,77.19,69.99,1
12458,71,80,1502.49,55.84,62.26,64.99,62.85,1
12459,605,22,398.36,5.84,26.64,29.1,24.92,0
12460,456,17,296.65,14.46,20.78,20.49,19.67,0
12461,154,34,626.88,43.61,37.94,40.55,40.28,0
12462,18,60,937.59,80.97,54.17,51.88,56.88,1
12463,53,79,1200.78,61.89,61.81,59.3,60.39,1
12464,10,22,957.05,87.92,26.64,52.68,50.68,1
12465,17,45,682.19,82.05,46.1,42.72,49.56,1
12467,423,9,132.8,17.81,10.38,6.75,9.43,0
12468,187,145,3238.74,40.03,76.67,81.92,74.17,1
12469,522,76,3070.54,10.41,60.77,80.79,64.63,0
12470,689,23,211.95,1.8,27.7,14.32,16.19,0
12471,2,1087,35145.5,97.17,99.09,99.18,98.85,1
12472,32,822,16494.59,70.68,98.22,97.83,93.87,1
12473,53,160,2596.23,61.89,78.8,77.65,75.61,1
12474,17,681,11362.45,82.05,97.28,96.19,94.37,1
12475,53,59,1065.64,61.89,53.67,55.81,56.12,1
12476,15,497,12351.41,84.24,95.4,96.63,94.43,1
12477,22,564,20276.37,78.0,96.23,98.34,94.7,1
12478,3,35,545.99,95.6,38.89,36.94,46.29,1
12479,11,30,473.2,86.73,34.62,33.58,41.84,1
12480,28,235,4834.85,73.75,86.09,88.5,85.61,1
12481,22,368,11191.39,78.0,92.72,96.07,92.42,1
12482,576,202,21941.72,7.61,83.31,98.51,80.62,1
12483,17,122,4092.58,82.05,72.47,85.97,81.6,1
12484,35,445,5573.15,69.46,94.51,90.09,88.23,1
12485,529,34,708.1,10.15,37.94,43.81,37.12,0
12486,431,48,917.28,16.65,47.9,51.11,45.04,0
12487,730,2,285.3,0.78,2.16,19.74,11.97,0
12488,9,54,1244.66,89.18,51.38,60.24,62.1,1
12489,336,14,298.93,28.22,17.13,20.64,20.8,0
12490,5,441,8764.64,92.78,94.4,94.41,94.16,1
12491,38,24,424.4,67.87,28.77,30.98,35.9,0
12492,63,39,607.21,58.53,41.83,39.73,43.14,0
12493,165,20,379.74,42.36,24.59,27.63,28.99,0
12494,15,100,1602.87,84.24,67.96,66.66,69.66,1
12495,640,16,277.4,4.09,19.57,19.21,17.04,0
12496,620,10,54.09,5.19,11.83,1.25,4.8,0
12497,81,55,5996.5,52.55,51.85,91.06,74.31,1
12498,21,21,349.7,79.01,25.62,25.38,33.5,0
12499,560,26,357.72,8.47,30.75,26.04,24.72,0
12500,23,130,5559.21,76.96,74.09,90.05,83.62,1
12501,336,148,2025.39,28.22,77.02,72.23,66.97,1
12502,95,142,2995.87,50.05,76.2,80.3,74.61,1
12503,584,1,896.0,7.04,0.86,50.34,29.99,0
12504,18,17,689.05,80.97,20.78,43.13,42.55,0
12505,408,41,787.2,20.12,43.2,46.62,41.69,0
12506,232,23,73.5,36.38,27.7,2.02,14.37,0
12507,134,46,1508.06,45.38,46.68,65.11,56.99,1
12508,26,64,398.27,74.47,56.05,29.08,43.44,1
12509,284,6,158.5,31.55,6.46,9.42,11.91,0
12510,142,137,3039.03,44.61,75.26,80.54,73.67,1
12511,428,190,3084.02,17.16,82.08,80.86,71.65,1
12512,66,31,138.03,57.08,35.52,7.42,22.73,0
12513,112,34,558.29,47.93,37.94,37.54,39.21,0
12514,267,84,1597.76,32.96,63.56,66.52,60.66,1
12515,353,15,278.7,27.99,18.32,19.29,20.33,0
12516,77,70,2288.62,53.85,58.52,74.98,67.2,1
12517,28,268,2322.84,73.75,88.17,75.43,78.75,1
12518,0,119,1840.89,100.0,71.93,70.22,75.16,1
12519,63,37,636.54,58.53,40.31,41.01,43.44,0
12520,79,147,2346.26,53.08,76.88,75.56,72.56,1
12521,142,37,545.68,44.61,40.31,36.93,39.03,0
12522,39,10,156.72,67.44,11.83,9.13,18.63,0
12523,19,238,4030.15,80.0,86.26,85.73,85.02,1
12524,9,224,9794.11,89.18,85.06,95.28,91.51,1
12525,498,59,883.73,11.89,53.67,50.09,45.36,0
12526,0,68,1172.66,100.0,57.72,58.48,64.49,1
12527,81,31,717.51,52.55,35.52,44.16,43.0,0
12528,9,86,1645.48,89.18,64.29,67.29,69.73,1
12529,528,21,316.48,10.23,25.62,22.56,21.57,0
12530,59,149,3381.26,59.82,77.21,82.72,77.75,1
12531,14,126,1771.2,85.13,73.33,69.16,72.72,1
12532,30,15,313.83,72.08,18.32,22.33,28.67,0
12533,627,70,1223.89,4.69,58.52,59.83,51.19,0
12534,130,62,981.18,45.82,55.13,53.33,52.71,1
12535,91,34,716.35,50.79,37.94,44.07,43.36,0
12536,59,259,4279.71,59.82,87.58,86.6,82.86,1
12537,408,42,612.94,20.12,43.97,39.99,38.12,0
12538,29,34,640.45,72.9,37.94,41.15,45.01,1
12539,22,503,11186.75,78.0,95.51,96.05,93.19,1
12540,19,739,19250.49,80.0,97.69,98.27,95.37,1
12541,29,49,841.18,72.9,48.49,48.7,52.27,1
12542,484,39,481.88,12.54,41.83,33.87,32.9,0
12543,448,42,840.25,14.99,43.97,48.67,42.3,0
12544,36,18,316.7,68.89,22.05,22.61,29.39,0
12545,75,48,832.39,54.19,47.9,48.38,49.11,1
12546,46,67,1021.5,64.59,57.27,54.55,56.82,1
12547,197,18,299.58,39.13,22.05,20.71,23.85,0
12548,166,4,67.2,42.27,4.04,1.73,8.46,0
12549,575,48,1570.68,7.71,47.9,66.1,52.24,0
12550,79,56,824.83,53.08,52.27,48.05,49.99,1
12551,357,10,168.0,27.87,11.83,10.48,13.47,0
12552,39,19,317.82,67.44,23.43,22.69,29.61,0
12553,8,227,4104.75,90.45,85.31,86.0,86.48,1
12554,448,25,384.5,14.99,29.8,28.06,26.59,0
12556,50,114,603.71,63.46,71.03,39.47,51.91,1
12557,16,53,18716.14,83.19,50.85,98.24,82.71,1
12558,7,11,269.96,91.75,13.32,18.78,28.2,0
12559,310,20,525.71,29.95,24.59,35.94,31.86,0
12560,5,103,1918.01,92.78,68.68,71.09,73.67,1
12561,302,16,238.85,30.53,19.57,16.64,19.55,0
12562,8,198,4426.92,90.45,82.88,87.25,86.51,1
12563,408,12,221.24,20.12,14.64,15.17,15.77,0
12564,261,20,402.9,33.69,24.59,29.44,28.72,0
12565,288,9,145.92,31.33,10.38,8.12,12.23,0
12566,86,18,297.65,51.66,22.05,20.54,25.63,0
12567,22,543,12467.86,78.0,95.93,96.7,93.68,1
12568,644,4,52.0,3.9,4.04,1.17,2.38,0
12569,2,157,3152.69,97.17,78.35,81.39,82.91,1
12571,39,34,519.61,67.44,37.94,35.73,41.11,0
12572,8,58,912.42,90.45,53.2,50.94,57.5,1
12573,227,117,717.41,36.5,71.56,44.14,50.67,1
12574,315,10,182.45,29.51,11.83,11.77,14.45,0
12575,457,36,568.82,14.35,39.65,38.02,34.93,0
12576,35,141,2062.72,69.46,76.03,72.81,73.21,1
12577,35,294,1649.8,69.46,89.45,67.33,73.84,1
12578,21,168,4026.45,79.01,79.84,85.71,83.07,1
12579,78,28,386.42,53.46,32.66,28.3,33.3,0
12580,246,56,962.9,34.92,52.27,52.89,50.02,0
12581,39,14,179.71,67.44,17.13,11.62,21.54,0
12582,238,101,1820.4,35.78,68.21,69.82,64.26,1
12583,2,419,13295.44,97.17,94.04,97.01,96.2,1
12584,3,95,2254.15,95.6,66.82,74.74,75.66,1
12585,234,85,1824.1,36.14,63.91,69.92,63.17,1
12586,17,94,2062.67,82.05,66.55,72.8,72.43,1
12587,7,3,104.0,91.75,3.06,3.82,16.8,0
12588,39,42,718.78,67.44,43.97,44.22,47.63,1
12589,28,173,3294.91,73.75,80.33,82.21,80.42,1
12590,211,67,9341.26,37.99,57.27,94.91,75.83,1
12591,317,65,1128.15,29.39,56.46,57.45,52.96,0
12592,92,76,1723.64,50.58,60.77,68.49,63.64,1
12593,108,20,382.1,48.37,24.59,27.82,30.0,0
12594,37,193,4890.11,68.33,82.37,88.69,83.86,1
12595,504,18,281.02,11.41,22.05,19.45,18.97,0
12596,51,25,450.27,62.88,29.8,32.47,36.28,0
12597,19,202,3195.22,80.0,83.31,81.68,81.89,1
12598,9,199,4192.09,89.18,82.95,86.28,85.78,1
12599,29,120,2026.72,72.9,72.09,72.3,72.33,1
12600,28,109,4444.35,73.75,70.07,87.3,80.45,1
12601,189,28,573.26,39.9,32.66,38.41,37.03,0
12602,58,12,153.12,60.26,14.64,8.87,18.19,0
12603,21,1,613.2,79.01,0.86,40.02,34.91,0
12604,79,15,236.18,53.08,18.32,16.52,22.51,0
12605,376,72,1124.95,25.42,59.38,57.4,53.16,0
12607,60,101,1579.51,59.32,68.21,66.25,65.76,1
12608,404,16,415.79,20.61,19.57,30.26,25.82,0
12609,78,166,3021.86,53.46,79.48,80.49,76.15,1
12610,22,102,1747.54,78.0,68.45,68.83,70.1,1
12611,52,65,1193.32,62.42,56.46,59.04,58.82,1
12612,74,18,668.04,54.56,22.05,42.22,38.43,0
12613,57,315,6295.07,60.75,90.64,91.52,86.66,1
12614,277,20,315.6,32.15,24.59,22.49,24.53,0
12615,2,264,5362.98,97.17,87.9,89.68,90.31,1
12616,95,51,1023.1,50.05,49.74,54.6,52.55,1
12617,29,39,355.53,72.9,41.83,25.85,37.38,0
12618,21,10,137.31,79.01,11.83,7.35,19.35,0
12619,16,92,3085.7,83.19,65.96,80.9,77.06,1
12620,14,91,1303.41,85.13,65.62,61.65,66.29,1
12621,1,724,22525.81,98.82,97.59,98.63,98.37,1
12622,232,10,162.1,36.38,11.83,9.88,14.4,0
12623,276,166,3315.84,32.26,79.48,82.3,74.0,1
12624,106,36,569.13,48.79,39.65,38.06,40.11,0
12625,211,179,4678.88,37.99,81.15,88.17,78.68,1
12626,23,285,5954.48,76.96,89.03,90.94,88.31,1
12627,10,224,4082.53,87.92,85.06,85.9,85.97,1
12628,4,38,732.46,93.99,41.08,44.7,51.08,1
12629,385,43,1198.22,23.74,44.73,59.18,49.82,0
12630,9,62,1030.88,89.18,55.13,54.87,60.09,1
12631,57,182,3321.57,60.75,81.45,82.38,78.88,1
12632,520,33,714.88,10.57,37.08,44.02,37.06,0
12633,58,299,5156.16,60.26,89.79,89.29,85.07,1
12634,548,19,360.0,9.05,23.43,26.3,22.91,0
12635,89,175,2624.41,50.98,80.59,77.94,74.64,1
12637,67,590,8142.31,56.72,96.54,93.81,89.01,1
12638,33,46,681.49,70.06,46.68,42.7,47.92,1
12639,238,61,1072.37,35.78,54.63,55.96,52.56,0
12640,23,50,994.58,76.96,49.13,53.64,55.87,1
12641,115,9,145.9,47.45,10.38,8.1,14.64,0
12642,25,44,905.26,75.21,45.43,50.68,52.89,1
12643,128,42,7849.42,46.13,43.97,93.54,72.55,1
12644,129,110,1900.49,45.96,70.32,70.92,67.0,1
12645,33,152,3215.3,70.06,77.61,81.82,78.88,1
12646,4,45,1346.97,93.99,46.1,62.47,62.62,1
12647,22,484,14916.35,78.0,95.19,97.49,93.92,1
12648,154,61,1039.0,43.61,54.63,55.11,53.25,1
12649,107,112,2096.65,48.55,70.74,73.17,68.8,1
12650,3,19,242.44,95.6,23.43,17.0,30.59,0
12651,334,30,377.75,28.3,34.62,27.55,29.64,0
12652,331,50,891.03,28.53,49.13,50.24,46.67,0
12653,148,86,4160.83,44.16,64.29,86.16,73.74,1
12654,10,34,529.98,87.92,37.94,36.07,44.37,1
12655,423,15,243.35,17.81,18.32,17.05,17.52,0
12656,17,239,5723.83,82.05,86.37,90.62,88.14,1
12657,11,44,1427.18,86.73,45.43,63.94,62.18,1
12658,18,35,632.05,80.97,38.89,40.79,46.29,1
12659,29,4,73.68,72.9,4.04,2.05,13.23,0
12660,11,12,227.1,86.73,14.64,15.6,26.0,0
12661,436,11,162.0,15.84,13.32,9.86,11.73,0
12662,0,372,6374.02,100.0,92.87,91.68,93.26,1
12663,624,8,185.4,4.94,9.04,12.0,10.11,0
12664,8,34,5420.04,90.45,37.94,89.9,75.44,1
12665,324,14,259.6,28.87,17.13,18.27,19.54,0
12666,394,31,1248.42,22.21,35.52,60.37,47.69,0
12667,58,32,460.13,60.26,36.31,32.91,37.97,0
12668,11,526,9967.68,86.73,95.77,95.51,94.26,1
12669,150,98,1427.73,43.93,67.53,63.96,61.96,1
12670,10,108,3436.29,87.92,69.87,83.12,80.13,1
12671,606,44,2622.48,5.79,45.43,77.9,57.99,0
12672,329,21,407.05,28.67,25.62,29.77,28.44,0
12673,5,72,1140.02,92.78,59.38,57.78,63.48,1
12674,38,79,1844.6,67.87,61.81,70.35,67.59,1
12675,553,111,874.5,8.72,70.57,49.78,49.44,0
12676,24,97,2333.09,76.03,67.32,75.5,73.29,1
12677,555,19,359.1,8.61,23.43,26.18,22.77,0
12678,42,364,32595.18,66.38,92.54,99.11,92.36,1
12679,58,44,951.02,60.26,45.43,52.53,51.7,1
12680,0,49,790.81,100.0,48.49,46.84,55.27,1
12681,14,1379,27898.28,85.13,99.49,98.97,97.04,1
12682,3,941,21693.91,95.6,98.63,98.48,98.09,1
12683,4,468,11400.78,93.99,94.9,96.21,95.51,1
12684,7,98,2073.63,91.75,67.53,72.92,74.23,1
12685,28,151,2575.08,73.75,77.45,77.44,76.89,1
12686,371,6,142.28,26.66,6.46,7.76,10.23,0
12687,480,125,1858.91,12.71,73.09,70.44,62.52,0
12688,113,171,4873.81,47.75,80.1,88.6,80.09,1
12689,25,70,1139.61,75.21,58.52,57.76,60.59,1
12690,205,15,335.01,38.35,18.32,24.25,24.7,0
12691,28,33,1044.4,73.75,37.08,55.18,52.9,1
12692,637,13,110.95,4.21,15.88,4.5,7.65,0
12693,127,72,1415.02,46.32,59.38,63.6,59.83,1
12694,70,80,1663.35,56.27,62.26,67.46,64.33,1
12695,7,58,1371.12,91.75,53.2,62.87,64.49,1
12696,434,47,731.91,16.2,47.28,44.65,41.12,0
12697,28,38,757.59,73.75,41.08,45.44,48.46,1
12698,590,15,285.75,6.83,18.32,19.81,17.44,0
12699,417,40,566.11,18.74,42.53,37.87,36.3,0
12700,7,264,4525.99,91.75,87.9,87.63,88.32,1
12701,79,141,2248.41,53.08,76.03,74.66,71.81,1
12702,19,11,201.0,80.0,13.32,13.31,23.32,0
12703,71,70,898.53,55.84,58.52,50.43,53.5,1
12704,7,81,1740.84,91.75,62.63,68.71,70.46,1
12705,15,590,11114.1,84.24,96.54,96.0,94.39,1
12707,291,33,603.42,31.05,37.08,39.41,37.5,0
12708,29,278,4738.1,72.9,88.75,88.33,86.13,1
12709,15,480,30162.76,84.24,95.08,99.04,95.71,1
12710,96,74,1023.02,49.81,60.03,54.58,55.39,1
12711,611,58,1213.05,5.54,53.2,59.59,49.69,0
12712,28,235,6401.66,73.75,86.09,91.76,87.47,1
12713,0,37,794.55,100.0,40.31,46.99,53.07,1
12714,9,684,12815.71,89.18,97.32,96.82,95.81,1
12715,106,19,273.86,48.79,23.43,19.09,24.76,0
12716,3,67,963.49,95.6,57.27,52.9,60.53,1
12717,151,68,1058.91,43.83,57.72,55.52,54.38,1
12718,71,18,202.25,55.84,22.05,13.4,22.19,0
12719,5,37,572.95,92.78,40.31,38.38,47.08,1
12720,2,464,7306.67,97.17,94.79,93.06,94.16,1
12721,31,231,3635.08,71.35,85.74,84.02,82.6,1
12722,85,52,979.63,51.9,50.28,53.3,52.24,1
12723,3,68,707.07,95.6,57.72,43.75,55.44,1
12724,5,122,2083.52,92.78,72.47,72.98,75.81,1
12725,371,103,2278.56,26.66,68.68,74.91,65.93,1
12726,28,168,3690.6,73.75,79.84,84.28,81.46,1
12727,10,193,4905.53,87.92,82.37,88.76,86.84,1
12728,71,56,926.17,55.84,52.27,51.54,52.39,1
12729,113,25,417.01,47.75,29.8,30.37,32.82,0
12730,521,46,703.25,10.48,46.68,43.56,39.47,0
12731,23,392,25631.71,76.96,93.45,98.82,94.04,1
12732,179,11,218.26,40.88,13.32,14.9,18.36,0
12733,234,149,2424.02,36.14,77.21,76.23,70.49,1
12734,352,18,603.65,28.02,22.05,39.46,32.87,0
12735,315,41,689.57,29.51,43.2,43.18,41.14,0
12736,332,3,144.0,28.45,3.06,7.89,9.62,0
12738,372,10,274.7,26.46,11.83,19.12,18.18,0
12739,99,86,2421.23,49.55,64.29,76.16,68.84,1
12740,63,27,427.6,58.53,31.64,31.15,35.4,0
12741,533,15,236.07,9.99,18.32,16.47,16.02,0
12742,625,67,1201.52,4.86,57.27,59.35,50.59,0
12743,134,129,546.43,45.38,73.91,37.01,48.6,1
12744,56,332,13158.16,61.2,91.23,96.94,89.98,1
12745,486,22,723.85,12.41,26.64,44.4,34.63,0
12746,540,17,254.55,9.61,20.78,17.89,17.46,0
12747,2,247,9276.54,97.17,86.82,94.86,92.95,1
12748,0,6376,52194.26,100.0,99.97,99.44,99.67,2
12749,3,337,6847.36,95.6,91.41,92.58,92.71,1
12750,128,15,275.88,46.13,18.32,19.16,22.97,0
12751,444,61,268.27,15.21,54.63,18.75,28.26,0
12752,81,53,4366.78,52.55,50.85,86.91,71.66,1
12753,22,197,21429.39,78.0,82.78,98.46,91.0,1
12754,235,63,3010.74,36.02,55.62,80.42,66.81,1
12755,280,63,9030.66,32.01,55.62,94.65,74.33,1
12756,86,4,112.08,51.66,4.04,4.7,11.56,0
12757,15,346,4199.2,84.24,91.79,86.31,87.54,1
12758,116,313,9903.24,47.29,90.5,95.37,86.79,1
12759,52,294,4618.74,62.42,89.45,87.97,84.55,1
12760,455,20,317.8,14.55,24.59,22.68,21.99,0
12761,464,25,712.95,13.8,29.8,43.95,35.47,0
12762,7,67,1702.52,91.75,57.27,68.06,68.59,1
12763,138,18,814.16,44.94,22.05,47.68,40.09,0
12764,316,45,1693.88,29.46,46.1,67.96,56.06,0
12765,472,62,1299.58,13.26,55.13,61.55,52.51,0
12766,3,396,9116.28,95.6,93.53,94.7,94.51,1
12767,375,43,949.82,25.68,44.73,52.49,46.3,0
12768,450,10,168.69,14.83,11.83,10.56,11.56,0
12769,238,32,1143.6,35.78,36.31,57.91,48.54,0
12770,210,28,3246.45,38.11,32.66,82.01,61.61,1
12771,485,14,226.3,12.47,17.13,15.52,15.51,0
12772,59,54,752.47,59.82,51.38,45.3,49.18,1
12773,564,6,124.25,8.13,6.46,5.89,6.38,0
12774,535,5,83.7,9.85,5.13,2.68,4.44,0
12775,17,74,1551.12,82.05,60.03,65.84,66.65,1
12776,667,3,27.5,2.83,3.06,0.43,1.52,0
12777,457,26,519.45,14.35,30.75,35.71,31.12,0
12778,19,105,1541.68,80.0,69.17,65.65,68.79,1
12779,37,269,6722.27,68.33,88.23,92.38,87.61,1
12780,598,19,322.4,6.2,23.43,23.15,20.69,0
12781,63,24,786.74,58.53,28.77,46.6,43.4,0
12782,4,217,3862.24,93.99,84.46,85.08,86.24,1
12783,2,78,1295.87,97.17,61.39,61.48,66.81,1
12784,15,124,1552.75,84.24,72.87,65.86,70.58,1
12785,364,53,904.4,27.33,50.85,50.63,47.2,0
12786,609,17,668.5,5.72,20.78,42.26,30.76,0
12787,9,40,799.18,89.18,42.53,47.25,52.22,1
12788,463,22,384.9,13.95,26.64,28.14,25.59,0
12789,65,5,225.35,57.51,5.13,15.45,18.87,0
12790,192,35,546.85,39.55,38.89,37.06,37.95,0
12791,373,22,834.43,26.17,26.64,48.43,38.99,0
12792,256,45,715.01,34.09,46.1,44.05,43.13,0
12793,334,41,849.33,28.3,43.2,49.08,44.32,0
12794,53,45,860.41,61.89,46.1,49.4,50.35,1
12795,18,13,318.48,80.97,15.88,22.77,29.57,0
12796,628,6,351.0,4.61,6.46,25.51,17.04,0
12797,365,28,694.11,27.19,32.66,43.27,37.89,0
12798,10,33,8510.93,87.92,37.08,94.19,77.26,1
12799,529,15,219.35,10.15,18.32,14.97,15.18,0
12800,470,32,500.25,13.44,36.31,34.81,32.02,0
12801,500,49,871.82,11.71,48.49,49.73,43.68,0
12802,186,131,2186.42,40.15,74.24,74.06,69.02,1
12803,393,54,1017.81,22.47,51.38,54.46,48.8,0
12804,465,63,327.02,13.7,55.62,23.53,31.04,0
12805,381,54,1230.95,24.44,51.38,59.95,52.22,0
12806,572,64,2558.96,7.81,56.05,77.27,60.91,0
12807,383,15,250.35,23.97,18.32,17.58,18.75,0
12808,36,46,850.1,68.89,46.68,49.09,51.39,1
12809,177,78,1384.34,41.09,61.39,63.11,59.32,1
12810,534,32,534.99,9.91,36.31,36.4,32.4,0
12811,261,51,893.9,33.69,49.74,50.32,47.66,0
12812,44,15,229.64,65.48,18.32,15.87,24.0,0
12813,501,42,1621.8,11.59,43.97,66.93,52.2,0
12814,101,1,85.92,49.25,0.86,2.73,9.19,0
12815,147,45,863.46,44.28,46.1,49.47,47.75,0
12816,95,27,452.2,50.05,31.64,32.57,34.93,0
12817,281,22,570.98,31.88,26.64,38.23,34.03,0
12818,261,13,1182.08,33.69,15.88,58.73,42.98,0
12819,458,19,540.52,14.28,23.43,36.64,29.58,0
12820,3,159,2689.52,95.6,78.67,78.26,80.98,1
12821,214,13,220.8,37.56,15.88,15.12,18.7,0
12822,70,46,948.88,56.27,46.68,52.41,51.39,1
12823,74,18,6501.5,54.56,22.05,91.92,66.75,1
12824,59,25,397.12,59.82,29.8,29.02,33.86,0
12825,521,24,518.63,10.48,28.77,35.68,29.96,0
12826,2,157,2955.75,97.17,78.35,80.02,82.13,1
12827,5,25,430.15,92.78,29.8,31.34,40.12,1
12828,2,56,1018.71,97.17,52.27,54.49,60.27,1
12829,336,19,385.3,28.22,23.43,28.21,26.87,0
12830,37,38,6814.64,68.33,41.08,92.57,74.51,1
12831,262,22,451.11,33.55,26.64,32.5,31.02,0
12832,32,27,383.03,70.68,31.64,27.92,35.38,0
12833,145,24,417.38,44.37,28.77,30.42,32.05,0
12834,282,18,312.38,31.77,22.05,22.16,23.57,0
12835,427,607,6043.31,17.36,96.68,91.17,81.64,1
12836,59,406,6585.62,59.82,93.78,92.04,87.69,1
12837,173,85,688.41,41.49,63.91,43.11,48.69,0
12838,33,344,3398.48,70.06,91.71,82.78,83.37,1
12839,2,553,10071.73,97.17,96.1,95.59,95.97,1
12840,143,176,4041.97,44.52,80.71,85.75,78.15,1
12841,4,641,7540.68,93.99,96.94,93.22,94.38,1
12842,70,48,1917.99,56.27,47.9,71.07,62.36,1
12843,65,213,6466.92,57.51,84.09,91.85,84.53,1
12844,29,101,648.6,72.9,68.21,41.34,53.59,1
12845,267,27,354.09,32.96,31.64,25.75,28.48,0
12847,22,106,1636.9,78.0,69.4,67.19,69.43,1
12848,675,16,208.0,2.43,19.57,13.96,13.8,0
12849,31,139,3064.07,71.35,75.65,80.69,77.88,1
12850,445,2,330.0,15.16,2.16,23.84,16.47,0
12851,96,73,284.13,49.81,59.71,19.65,35.39,0
12852,294,17,311.55,30.99,20.78,22.13,23.08,0
12853,134,148,3907.5,45.38,77.02,85.29,76.99,1
12854,78,259,2994.02,53.46,87.58,80.26,78.29,1
12855,372,66,650.94,26.46,56.84,41.4,43.49,0
12856,7,306,2179.93,91.75,90.12,74.03,81.19,1
12857,210,121,3688.0,38.11,72.23,84.26,73.97,1
12858,383,36,177.92,23.97,39.65,11.36,21.18,0
12859,458,21,575.1,14.28,25.62,38.45,31.23,0
12860,693,16,55.47,1.68,19.57,1.28,6.46,0
12861,619,4,68.25,5.26,4.04,1.78,2.93,0
12862,425,130,1008.32,17.51,74.09,54.15,54.24,0
12863,52,47,2792.55,62.42,47.28,78.93,67.59,1
12864,138,7,299.57,44.94,7.81,20.69,20.72,0
12865,26,195,3323.47,74.47,82.54,82.4,81.25,1
12866,283,60,1092.35,31.65,54.17,56.58,52.17,0
12867,26,1035,7913.29,74.47,98.94,93.64,92.25,1
12868,185,134,2247.06,40.31,74.7,74.59,69.48,1
12869,681,35,337.67,2.15,38.89,24.49,25.17,0
12870,375,93,1676.95,25.68,66.3,67.63,60.97,1
12871,84,18,744.02,52.17,22.05,45.1,39.7,0
12872,326,386,3685.49,28.74,93.26,84.24,78.44,1
12873,282,35,2027.3,31.77,38.89,72.32,56.88,0
12874,385,46,873.42,23.74,46.68,49.74,44.99,0
12875,143,8,1356.99,44.52,9.04,62.58,44.88,0
12876,57,166,3751.79,60.75,79.48,84.54,79.55,1
12877,3,272,2955.17,95.6,88.39,80.01,84.69,1
12878,236,47,854.99,35.9,47.28,49.28,46.71,0
12879,44,10,573.22,65.48,11.83,38.4,35.02,0
12880,381,36,640.13,24.44,39.65,41.11,38.2,0
12881,275,7,298.0,32.37,7.81,20.57,18.77,0
12882,9,13,1463.04,89.18,15.88,64.59,54.64,1
12883,24,42,703.47,76.03,43.97,43.61,48.57,1
12884,88,7,309.05,51.23,7.81,21.79,22.29,0
12885,63,71,1175.22,58.53,58.95,58.51,58.64,1
12886,67,82,1378.4,56.72,62.96,62.97,62.03,1
12887,383,13,222.4,23.97,15.88,15.28,16.75,0
12888,214,5,354.12,37.56,5.13,25.77,21.76,0
12889,381,25,385.46,24.44,29.8,28.23,28.1,0
12890,24,134,717.27,76.03,74.7,44.12,57.47,1
12891,185,11,840.5,40.31,13.32,48.68,37.53,0
12892,396,18,263.38,21.65,22.05,18.46,19.94,0
12893,30,27,188.14,72.08,31.64,12.27,26.66,0
12894,575,21,157.35,7.71,25.62,9.26,13.61,0
12895,42,22,372.8,66.38,26.64,27.16,32.9,0
12897,204,14,514.25,38.47,17.13,35.41,30.75,0
12898,463,27,310.96,13.95,31.64,22.08,23.54,0
12899,413,17,366.4,19.35,20.78,26.78,23.98,0
12900,422,13,340.33,18.02,15.88,24.64,21.2,0
12901,8,116,17654.54,90.45,71.39,98.12,89.49,1
12902,264,10,138.68,33.29,11.83,7.48,12.57,0
12903,428,41,833.53,17.16,43.2,48.39,42.25,0
12904,18,67,509.58,80.97,57.27,35.25,48.28,1
12905,576,54,1018.42,7.61,51.38,54.48,46.58,0
12906,11,63,2919.81,86.73,55.62,79.82,74.08,1
12907,395,25,508.91,21.91,29.8,35.2,31.7,0
12908,176,5,1776.0,41.25,5.13,69.22,47.08,0
12909,39,157,3103.19,67.44,78.35,81.0,78.22,1
12910,23,137,5796.52,76.96,75.26,90.76,84.35,1
12911,551,220,1680.47,8.82,84.71,67.7,63.63,0
12912,2,24,1662.3,97.17,28.77,67.45,61.08,1
12913,4,92,6700.86,93.99,65.96,92.28,85.17,1
12914,400,9,223.98,21.21,10.38,15.38,14.85,0
12915,148,60,1174.75,44.16,54.17,58.49,55.13,1
12916,138,164,4654.02,44.94,79.2,88.04,79.1,1
12917,128,50,4359.2,46.13,49.13,86.88,70.19,1
12919,8,50,1335.19,90.45,49.13,62.29,62.83,1
12920,17,59,488.09,82.05,53.67,34.09,46.77,1
12921,9,1499,35921.04,89.18,99.56,99.21,97.8,1
12922,161,28,405.38,42.78,32.66,29.65,32.46,0
12923,64,59,788.62,58.01,53.67,46.72,50.36,1
12924,88,69,2461.45,51.23,58.13,76.47,67.55,1
12925,4,50,729.33,93.99,49.13,44.51,53.23,1
12926,411,253,1548.08,19.55,87.09,65.77,64.81,1
12927,394,11,197.31,22.21,13.32,13.06,14.5,0
12928,35,179,4304.89,69.46,81.15,86.65,82.53,1
12929,311,8,117.85,29.8,9.04,5.37,10.06,0
12930,78,25,415.8,53.46,29.8,30.28,33.62,0
12931,21,215,92347.34,79.01,84.25,99.74,92.3,1
12932,539,95,1698.56,9.7,66.82,67.99,58.92,0
12933,24,285,1687.03,76.03,89.03,67.84,75.0,1
12934,736,2,181.65,0.25,2.16,11.74,7.33,0
12935,2,254,4243.86,97.17,87.16,86.47,88.27,1
12936,17,62,1063.9,82.05,55.13,55.72,59.51,1
12937,15,217,3097.61,84.24,84.46,80.95,82.42,1
12938,25,9,114.14,75.21,10.38,5.01,17.04,0
12939,64,86,25264.8,58.01,64.29,98.79,83.01,1
12940,54,92,913.54,61.48,65.96,50.97,56.75,1
12941,724,27,377.49,1.23,31.64,27.51,24.73,0
12942,131,70,942.65,45.72,58.52,52.1,52.94,1
12943,558,25,496.5,8.51,29.8,34.57,29.33,0
12944,35,30,604.51,69.46,34.62,39.54,42.65,0
12945,288,51,900.11,31.33,49.74,50.5,47.41,0
12946,436,20,324.45,15.84,24.59,23.38,22.59,0
12947,143,97,1908.03,44.52,67.32,71.0,66.0,1
12948,16,125,2317.43,83.19,73.09,75.31,75.87,1
12949,30,715,15526.7,72.08,97.5,97.52,93.7,1
12950,2,23,1843.0,97.17,27.7,70.32,62.41,1
12951,8,194,3213.72,90.45,82.48,81.8,83.29,1
12952,5,79,1387.79,92.78,61.81,63.19,67.24,1
12953,9,48,828.81,89.18,47.9,48.24,54.28,1
12954,638,10,162.45,4.16,11.83,9.95,9.61,0
12955,1,180,4757.16,98.82,81.28,88.36,87.95,1
12956,306,42,521.89,30.23,43.97,35.82,37.26,0
12957,9,490,8706.97,89.18,95.32,94.34,93.84,1
12958,400,45,539.49,21.21,46.1,36.62,36.96,0
12959,484,8,150.95,12.54,9.04,8.63,9.33,0
12960,413,70,1322.07,19.35,58.52,62.1,54.68,0
12961,379,37,211.99,24.95,40.31,14.34,23.2,0
12962,7,16,266.39,91.75,19.57,18.54,29.81,0
12963,8,174,3601.59,90.45,80.47,83.78,83.86,1
12964,437,26,132.24,15.68,30.75,6.72,14.79,0
12965,89,108,771.91,50.98,69.87,45.8,53.32,1
12966,9,10,160.18,89.18,11.83,9.55,22.13,0
12967,358,65,4306.92,27.77,56.46,86.69,69.39,1
12968,112,5,135.95,47.93,5.13,7.17,12.71,0
12969,602,5,122.45,6.01,5.13,5.71,5.59,0
12970,7,320,1523.91,91.75,90.81,65.43,76.48,1
12971,3,407,15972.79,95.6,93.82,97.66,96.28,1
12972,413,77,1161.2,19.35,61.07,58.3,53.24,0
12973,413,6,385.55,19.35,6.46,28.25,20.81,0
12974,197,32,408.95,39.13,36.31,29.78,33.01,0
12975,436,112,2100.09,15.84,70.74,73.22,63.92,1
12976,211,154,3156.38,37.99,77.91,81.41,73.92,1
12977,156,56,517.63,43.29,52.27,35.59,41.42,0
12978,385,162,2502.82,23.74,78.96,76.93,69.52,1
12979,729,56,517.7,0.89,52.27,35.61,35.07,0
12980,157,52,16245.78,43.1,50.28,97.73,76.25,1
12981,29,20,372.22,72.9,24.59,27.1,33.27,0
12982,242,178,2744.81,35.27,81.02,78.55,72.75,1
12983,598,30,490.08,6.2,34.62,34.18,30.1,0
12984,18,4,97.5,80.97,4.04,3.34,15.18,0
12985,0,76,1239.38,100.0,60.77,60.13,66.29,1
12986,428,102,2729.84,17.16,68.45,78.4,66.43,1
12987,73,66,1312.21,54.93,56.84,61.91,59.44,1
12988,292,75,535.32,31.02,60.4,36.43,42.33,0
12989,3,97,13551.75,95.6,67.32,97.11,88.54,1
12990,31,27,955.5,71.35,31.64,52.61,49.55,1
12991,23,45,764.82,76.96,46.1,45.64,50.47,1
12992,725,6,93.35,1.12,6.46,3.14,3.76,0
12993,23,76,1259.63,76.96,60.77,60.59,63.1,1
12994,4,61,974.42,93.99,54.63,53.13,59.68,1
12995,85,3,211.32,51.9,3.06,14.25,16.77,0
12996,375,22,355.5,25.68,26.64,25.84,26.04,0
12997,22,107,2110.91,78.0,69.66,73.31,72.99,1
12998,492,58,920.08,12.08,53.2,51.32,45.96,0
12999,196,28,455.88,39.28,32.66,32.76,33.71,0
13000,106,62,1032.5,48.79,55.13,54.92,54.06,1
13001,4,999,24172.1,93.99,98.82,98.72,98.04,1
13002,318,23,414.13,29.28,27.7,30.14,29.33,0
13003,105,6,149.05,49.0,6.46,8.39,13.94,0
13004,11,815,11650.85,86.73,98.18,96.27,95.38,1
13005,173,56,999.68,41.49,52.27,53.78,51.51,1
13006,56,4,81.57,61.2,4.04,2.58,11.78,0
13007,579,11,175.25,7.34,13.32,11.11,11.16,0
13008,323,35,612.13,28.93,38.89,39.92,37.98,0
13009,672,4,234.0,2.57,4.04,16.29,10.8,0
13010,374,12,330.12,25.92,14.64,23.87,21.59,0
13011,372,3,101.1,26.46,3.06,3.58,6.87,0
13012,9,153,2972.83,89.18,77.75,80.11,80.81,1
13013,1,487,12625.77,98.82,95.3,96.74,96.65,1
13014,10,224,5381.08,87.92,85.06,89.76,88.17,1
13015,53,348,6586.42,61.89,91.9,92.05,87.49,1
13016,73,47,789.89,54.93,47.28,46.8,48.16,1
13017,7,1,204.0,91.75,0.86,13.55,21.73,0
13018,16,603,9763.16,83.19,96.65,95.25,93.83,1
13019,379,55,1229.95,24.95,51.85,59.93,52.42,0
13020,562,39,618.96,8.3,41.83,40.29,35.93,0
13021,4,257,4887.24,93.99,87.44,88.65,89.11,1
13022,429,4,50.3,16.98,4.04,1.06,4.28,0
13023,64,73,1251.03,58.01,59.71,60.46,59.88,1
13024,470,31,555.87,13.44,35.52,37.46,33.31,0
13025,731,13,323.39,0.69,15.88,23.26,17.81,0
13026,1,82,1733.08,98.82,62.96,68.64,71.58,1
13027,113,84,17335.2,47.75,63.56,97.98,80.81,1
13028,22,45,661.32,78.0,46.1,41.93,48.51,1
13029,30,17,1927.3,72.08,20.78,71.21,57.22,1
13030,11,78,1227.22,86.73,61.39,59.89,64.34,1
13031,407,398,3419.27,20.28,93.59,82.96,76.54,1
13032,52,205,2843.55,62.42,83.59,79.27,77.95,1
13033,357,13,220.55,27.87,15.88,15.09,17.23,0
13034,54,44,922.68,61.48,45.43,51.42,51.25,1
13035,73,42,1364.2,54.93,43.97,62.8,56.35,1
13036,684,6,307.1,2.0,6.46,21.48,14.35,0
13037,138,232,3914.95,44.94,85.9,85.32,79.43,1
13038,80,28,908.46,52.83,32.66,50.77,46.01,0
13039,584,55,1010.73,7.04,51.85,54.19,46.46,0
13040,8,43,676.99,90.45,44.73,42.52,50.33,1
13041,450,35,799.13,14.83,38.89,47.22,40.03,0
13042,598,176,1556.54,6.2,80.71,65.91,61.1,0
13043,273,13,516.42,32.59,15.88,35.53,29.59,0
13044,291,411,4853.9,31.05,93.91,88.57,81.44,1
13045,99,45,808.92,49.55,46.1,47.52,47.43,0
13046,30,56,949.25,72.08,52.27,52.46,55.35,1
13047,56,377,8790.21,61.2,93.0,94.45,89.06,1
13048,14,264,4084.21,85.13,87.9,85.92,86.36,1
13049,64,26,1408.24,58.01,30.75,63.43,53.47,1
13050,14,971,12235.3,85.13,98.72,96.58,95.46,1
13051,578,4,155.8,7.43,4.04,9.05,7.4,0
13052,212,239,3167.68,37.81,86.37,81.51,76.32,1
13053,621,17,127.65,5.11,20.78,6.25,10.15,0
13055,78,154,2321.11,53.46,77.91,75.36,72.79,1
13056,551,18,209.48,8.82,22.05,14.13,15.55,0
13057,530,40,722.09,10.06,42.53,44.31,38.67,0
13058,24,8,271.4,76.03,9.04,18.92,24.72,0
13059,249,194,2303.17,34.64,82.48,75.15,71.13,1
13060,253,15,307.53,34.38,18.32,21.58,22.59,0
13061,72,10,248.61,55.35,11.83,17.45,21.56,0
13062,191,11,346.98,39.67,13.32,25.1,23.99,0
13063,480,12,188.4,12.71,14.64,12.29,13.01,0
13064,12,91,1680.74,85.84,65.62,67.72,69.85,1
13065,373,62,1260.91,26.17,55.13,60.65,53.93,0
13066,24,48,470.8,76.03,47.9,33.48,43.9,1
13067,82,31,508.51,52.33,35.52,35.13,37.82,0
13068,10,2,344.0,87.92,2.16,24.91,27.99,0
13069,0,1021,9683.13,100.0,98.87,95.2,96.95,1
13070,192,33,751.7,39.55,37.08,45.28,42.13,0
13071,612,12,129.22,5.48,14.64,6.36,8.54,0
13072,266,7,177.15,33.13,7.81,11.3,13.59,0
13073,411,27,418.08,19.55,31.64,30.52,29.19,0
13074,511,29,1378.74,11.02,33.69,62.99,46.99,0
13075,129,22,919.61,45.96,26.64,51.28,43.58,0
13076,457,9,135.4,14.35,10.38,7.07,9.09,0
13077,1,328,3064.67,98.82,91.11,80.71,86.34,1
13078,3,791,29532.45,95.6,98.0,99.03,98.23,1
13079,4,17,419.18,93.99,20.78,30.57,37.34,0
13080,179,19,280.73,40.88,23.43,19.41,23.76,0
13081,11,2280,59205.15,86.73,99.74,99.57,97.69,1
13082,126,129,7335.75,46.49,73.91,93.08,80.72,1
13083,4,22,395.43,93.99,26.64,28.88,38.02,0
13084,491,2,122.4,12.19,2.16,5.67,5.67,0
13085,157,84,2433.28,43.1,63.56,76.33,67.77,1
13086,382,47,439.33,24.17,47.28,31.87,35.03,0
13087,726,15,313.64,1.0,18.32,22.32,18.0,0
13088,417,19,236.11,18.74,23.43,16.51,18.78,0
13089,2,3313,116737.86,97.17,99.86,99.81,99.43,2
13090,8,271,14073.09,90.45,88.33,97.28,93.75,1
13091,28,44,1108.8,73.75,45.43,56.95,56.25,1
13092,70,105,2140.28,56.27,69.17,73.62,69.77,1
13093,275,1037,54943.65,32.37,98.96,99.47,89.26,1
13094,21,29,2433.12,79.01,33.69,76.32,64.79,1
13095,70,6,74.4,56.27,6.46,2.07,11.43,0
13096,394,1,419.7,22.21,0.86,30.6,21.02,0
13097,32,991,13080.48,70.68,98.77,96.91,93.49,1
13098,1,572,28882.44,98.82,96.3,99.01,98.22,1
13099,99,1,207.36,49.55,0.86,13.91,15.6,0
13101,234,51,695.4,36.14,49.74,43.28,44.02,0
13102,1,481,11696.92,98.82,95.12,96.29,96.34,1
13103,39,33,709.64,67.44,37.08,43.87,45.5,1
13104,3,30,1709.1,95.6,34.62,68.27,62.95,1
13105,436,1,72.0,15.84,0.86,1.97,3.74,0
13106,133,16,603.46,45.58,19.57,39.42,34.79,0
13107,44,178,5253.07,65.48,81.02,89.51,83.53,1
13108,372,35,1098.52,26.46,38.89,56.72,47.19,0
13109,59,70,1134.03,59.82,58.52,57.66,58.22,1
13110,31,251,2957.47,71.35,87.0,80.06,80.7,1
13111,718,12,321.88,1.53,14.64,23.09,17.49,0
13112,541,2,20.6,9.49,2.16,0.31,2.2,0
13113,0,372,18625.73,100.0,92.87,98.21,96.98,1
13114,730,16,234.38,0.78,19.57,16.34,14.91,0
13115,11,314,5494.7,86.73,90.56,89.99,89.66,1
13116,138,30,501.14,44.94,34.62,34.86,36.3,0
13117,21,162,2643.81,79.01,78.96,78.06,78.46,1
13118,19,148,2415.41,80.0,77.02,76.09,76.94,1
13119,668,11,134.9,2.74,13.32,6.95,8.11,0
13120,238,1,30.6,35.78,0.86,0.52,5.91,0
13121,269,50,283.73,32.74,49.13,19.63,29.85,0
13122,94,55,922.39,50.29,51.85,51.37,51.34,1
13123,472,45,506.75,13.26,46.1,35.0,34.84,0
13124,89,271,4782.45,50.98,88.33,88.41,82.77,1
13125,523,20,158.57,10.37,24.59,9.43,13.82,0
13126,4,238,3998.25,93.99,86.26,85.53,87.0,1
13127,77,15,259.17,53.85,18.32,18.22,23.59,0
13128,631,1,263.5,4.48,0.86,18.47,11.44,0
13129,452,11,233.25,14.69,13.32,16.22,15.18,0
13130,94,2,64.0,50.29,2.16,1.67,9.1,0
13131,23,149,3313.77,76.96,77.21,82.26,80.05,1
13132,261,3,77.3,33.69,3.06,2.27,7.21,0
13133,273,12,200.45,32.59,14.64,13.24,16.53,0
13134,85,121,2475.23,51.9,72.23,76.67,71.71,1
13135,196,18,3371.45,39.28,22.05,82.69,59.2,1
13136,56,315,6274.56,61.2,90.64,91.51,86.72,1
13137,10,1332,7712.7,87.92,99.44,93.35,94.24,1
13138,22,85,1467.24,78.0,63.91,64.63,66.43,1
13139,16,265,8202.98,83.19,87.99,93.87,90.62,1
13140,108,104,1215.68,48.37,68.94,59.67,60.57,1
13141,84,424,7668.58,52.17,94.12,93.3,87.36,1
13142,19,23,307.09,80.0,27.7,21.46,31.99,0
13143,584,23,405.1,7.04,27.7,29.63,25.7,0
13144,332,6,135.35,28.45,6.46,7.02,10.08,0
13145,39,9,1423.52,67.44,10.38,63.82,49.4,1
13146,26,16,228.91,74.47,19.57,15.74,25.62,0
13147,10,4,712.8,87.92,4.04,43.93,39.36,0
13148,29,738,8612.31,72.9,97.66,94.28,92.02,1
13149,14,86,1676.06,85.13,64.29,67.6,69.3,1
13150,484,8,449.97,12.54,9.04,32.43,22.9,0
13151,295,145,2570.24,30.93,76.67,77.36,70.2,1
13152,417,135,2146.38,18.74,74.91,73.67,65.77,1
13153,5,15,486.22,92.78,18.32,34.01,38.43,0
13154,399,93,1624.84,21.39,66.3,67.04,59.98,0
13155,33,111,1750.18,70.06,70.57,68.9,69.54,1
13156,385,104,1586.54,23.74,68.94,66.32,60.67,1
13157,49,251,5687.36,63.98,87.0,90.48,85.53,1
13158,94,100,1508.18,50.29,67.96,65.12,63.69,1
13159,8,119,1437.85,90.45,71.93,64.15,70.27,1
13160,22,4,91.8,78.0,4.04,3.07,14.58,0
13161,313,33,478.88,29.57,37.08,33.78,34.08,0
13162,122,238,9275.49,46.77,86.26,94.84,85.23,1
13163,610,2,17.65,5.63,2.16,0.27,1.61,0
13164,569,10,372.2,7.95,11.83,27.08,19.94,0
13165,46,49,1451.16,64.59,48.49,64.42,59.99,1
13166,283,66,884.18,31.65,56.84,50.1,49.22,0
13167,18,80,1113.15,80.97,62.26,57.09,62.12,1
13168,36,169,1875.31,68.89,79.95,70.51,72.91,1
13169,63,18,840.08,58.53,22.05,48.65,42.69,0
13170,26,29,116.01,74.47,33.69,5.28,23.61,0
13171,21,46,468.41,79.01,46.68,33.32,43.92,1
13172,400,1,69.6,21.21,0.86,1.81,4.46,0
13173,4,213,2629.35,93.99,84.09,77.99,82.1,1
13174,16,894,9471.94,83.19,98.44,95.06,94.23,1
13175,582,46,831.45,7.17,46.68,48.36,41.71,0
13176,46,66,492.84,64.59,56.84,34.33,45.17,1
13177,64,30,512.2,58.01,34.62,35.34,38.54,0
13178,26,687,14059.19,74.47,97.35,97.27,93.87,1
13179,618,34,572.31,5.35,37.94,38.31,33.26,0
13180,607,4,86.1,5.76,4.04,2.75,3.56,0
13181,381,19,359.69,24.44,23.43,26.26,25.2,0
13182,45,11,121.18,65.05,13.32,5.64,16.7,0
13183,7,156,7036.18,91.75,78.22,92.79,88.55,1
13184,14,177,1700.29,85.13,80.86,68.01,74.18,1
13185,267,1,71.4,32.96,0.86,1.9,6.27,0
13186,39,79,1575.89,67.44,61.81,66.2,65.16,1
13187,337,52,348.01,28.15,50.28,25.19,32.66,0
13188,11,2,114.6,86.73,2.16,5.11,16.53,0
13189,18,29,260.68,80.97,33.69,18.35,32.04,0
13190,544,17,570.66,9.27,20.78,38.19,28.98,0
13191,658,57,159.21,3.25,52.73,9.51,20.67,0
13192,95,162,2558.58,50.05,78.96,77.26,73.65,1
13193,61,22,117.88,58.9,26.64,5.38,19.36,0
13194,135,10,472.78,45.23,11.83,33.54,29.22,0
13195,414,43,172.38,19.17,44.73,10.83,21.57,0
13196,11,188,3068.84,86.73,81.88,80.74,81.96,1
13197,609,19,373.01,5.72,23.43,27.2,22.92,0
13198,10,314,4974.23,87.92,90.56,88.88,89.2,1
13199,3,202,16417.89,95.6,83.31,97.8,93.41,1
13200,19,46,870.09,80.0,46.68,49.68,53.39,1
13201,502,85,1240.61,11.47,63.91,60.18,53.92,0
13202,394,69,1580.3,22.21,58.13,66.27,57.38,0
13203,9,169,2648.25,89.18,79.95,78.09,80.27,1
13204,731,57,966.66,0.69,52.73,52.99,45.07,0
13205,443,1,2803.2,15.29,0.86,78.96,47.54,0
13206,400,557,8377.32,21.21,96.13,94.07,83.72,1
13207,15,13,535.86,84.24,15.88,36.48,37.88,0
13208,59,244,1964.02,59.82,86.66,71.6,74.05,1
13209,30,365,8509.51,72.08,92.6,94.17,90.42,1
13210,93,22,353.48,50.41,26.64,25.7,29.67,0
13211,10,191,2729.32,87.92,82.16,78.38,80.87,1
13212,19,140,788.08,80.0,75.82,46.68,59.84,1
13213,56,204,3851.52,61.2,83.49,85.0,81.01,1
13214,417,229,3264.23,18.74,85.46,82.04,73.5,1
13215,402,1,81.6,20.83,0.86,2.6,4.85,0
13216,267,5,333.74,32.96,5.13,24.2,20.17,0
13217,122,5,666.48,46.77,5.13,42.21,32.51,0
13218,127,5,62.64,46.32,5.13,1.59,9.29,0
13219,618,11,76.23,5.35,13.32,2.17,5.77,0
13220,78,53,1336.09,53.46,50.85,62.3,57.77,1
13221,240,65,844.86,35.49,56.46,48.87,48.99,0
13222,577,1,88.5,7.52,0.86,2.85,3.0,0
13223,200,13,969.12,38.81,15.88,53.02,40.49,0
13224,60,107,2152.95,59.32,69.66,73.8,70.47,1
13225,3,125,16260.07,95.6,73.09,97.76,90.53,1
13226,273,28,312.46,32.59,32.66,22.18,26.68,0
13227,201,9,257.7,38.7,10.38,18.13,19.05,0
13228,81,2,358.0,52.55,2.16,26.06,23.34,0
13229,225,10,160.95,36.71,11.83,9.67,14.33,0
13230,4,1215,6350.28,93.99,99.3,91.64,94.14,1
13232,12,199,1357.0,85.84,82.95,62.59,71.78,1
13233,74,76,1176.46,54.56,60.77,58.56,58.58,1
13234,672,58,356.95,2.57,53.2,25.92,30.06,0
13235,212,53,1031.07,37.81,50.85,54.89,51.19,0
13236,24,36,744.85,76.03,39.65,45.11,48.22,1
13237,387,24,643.0,23.3,28.77,41.23,35.05,0
13238,17,47,1006.63,82.05,47.28,54.08,56.37,1
13239,261,93,1594.69,33.69,66.3,66.47,61.51,1
13240,96,187,1718.12,49.81,81.78,68.42,69.37,1
13241,411,40,115.58,19.55,42.53,5.23,17.82,0
13242,112,35,699.4,47.93,38.89,43.44,42.84,0
13243,203,200,1278.04,38.59,83.08,61.12,63.89,1
13244,92,27,121.74,50.58,31.64,5.66,19.67,0
13245,50,45,989.22,63.46,46.1,53.55,52.95,1
13246,18,359,3387.43,80.97,92.33,82.74,85.16,1
13247,17,25,501.12,82.05,29.8,34.84,40.51,0
13248,124,26,465.68,46.58,30.75,33.17,34.5,0
13249,92,35,1608.93,50.58,38.89,66.75,56.52,1
13250,460,19,256.04,14.2,23.43,17.96,18.93,0
13251,402,25,252.68,20.83,29.8,17.75,21.59,0
13252,394,19,399.3,22.21,23.43,29.15,26.51,0
13253,156,75,2951.11,43.29,60.4,79.97,68.99,1
13254,376,4,51.41,25.42,4.04,1.11,5.58,0
13255,9,26,904.46,89.18,30.75,50.67,50.87,1
13257,436,7,149.75,15.84,7.81,8.48,9.39,0
13258,11,43,1035.18,86.73,44.73,54.99,56.88,1
13259,61,307,1429.63,58.9,90.22,64.0,70.57,1
13260,61,8,557.62,58.9,9.04,37.53,32.76,0
13261,268,9,944.1,32.84,10.38,52.15,37.56,0
13262,263,50,573.45,33.43,49.13,38.43,40.68,0
13263,1,1887,8679.47,98.82,99.73,94.33,96.51,1
13264,442,38,722.56,15.4,41.08,44.34,39.09,0
13265,53,90,2107.66,61.89,65.35,73.29,69.36,1
13266,11,307,6135.04,86.73,90.22,91.29,90.3,1
13267,2,411,9758.26,97.17,93.91,95.23,95.15,1
13268,17,426,3192.65,82.05,94.16,81.66,85.22,1
13269,1,485,8891.7,98.82,95.24,94.5,95.35,1
13270,366,1,1180.0,27.02,0.86,58.66,37.73,0
13271,37,79,217.38,68.33,61.81,14.8,35.99,0
13272,31,15,276.56,71.35,18.32,19.17,26.76,0
13273,113,16,138.98,47.75,19.57,7.5,16.92,0
13274,409,19,360.85,19.93,23.43,26.36,24.57,0
13275,383,48,241.66,23.97,47.9,16.9,26.64,0
13276,63,232,1939.26,58.53,85.9,71.36,73.51,1
13277,15,23,523.3,84.24,27.7,35.89,40.85,0
13278,40,107,1425.35,66.89,69.66,63.89,65.96,1
13279,78,9,137.75,53.46,10.38,7.38,15.13,0
13280,122,203,2322.63,46.77,83.41,75.41,73.35,1
13281,439,22,350.85,15.49,26.64,25.46,24.3,0
13282,18,51,1313.19,80.97,49.74,61.94,61.38,1
13283,59,20,373.36,59.82,24.59,27.26,31.39,0
13284,330,13,201.19,28.6,15.88,13.35,16.34,0
13285,23,231,3364.59,76.96,85.74,82.66,82.66,1
13286,600,46,734.91,6.05,46.68,44.79,39.51,0
13287,603,53,781.59,5.94,50.85,46.39,41.57,0
13288,443,10,927.61,15.29,11.83,51.59,35.01,0
13289,723,16,307.95,1.31,19.57,21.66,18.02,0
13291,155,308,3320.84,43.45,90.28,82.37,78.74,1
13292,38,59,994.51,67.87,53.67,53.62,55.77,1
13293,392,72,1192.94,22.65,59.38,59.02,53.67,0
13294,189,102,1689.53,39.9,68.45,67.86,63.83,1
13295,359,67,1101.97,27.66,57.27,56.81,52.57,0
13296,137,53,792.51,45.1,50.85,46.91,47.74,0
13297,7,123,4368.62,91.75,72.69,86.93,83.66,1
13298,1,2,360.0,98.82,2.16,26.3,30.42,0
13299,268,62,1218.7,32.84,55.13,59.74,54.41,0
13300,169,55,1285.51,42.07,51.85,61.24,55.74,1
13301,103,80,600.19,49.13,62.26,39.25,47.18,1
13302,155,3,159.2,43.45,3.06,9.48,12.78,0
13303,400,4,61.72,21.21,4.04,1.52,5.18,0
13304,351,78,1217.99,28.05,61.39,59.72,55.44,0
13305,4,200,3754.71,93.99,83.08,84.55,85.56,1
13306,430,4,53.65,16.82,4.04,1.23,4.36,0
13307,120,15,273.34,46.92,18.32,19.07,23.04,0
13308,22,71,1670.37,78.0,58.95,67.55,66.71,1
13309,7,130,1706.37,91.75,74.09,68.15,73.35,1
13310,28,95,1541.2,73.75,66.82,65.64,67.19,1
13311,4,26,598.57,93.99,30.75,39.17,45.03,1
13312,451,5,124.75,14.76,5.13,5.97,7.06,0
13313,22,187,3445.32,78.0,81.78,83.2,82.03,1
13314,1,61,775.94,98.82,54.63,46.05,56.37,1
13315,689,22,310.26,1.8,26.64,21.89,20.21,0
13316,37,173,13191.57,68.33,80.33,96.98,88.02,1
13317,66,343,6486.09,57.08,91.65,91.87,86.59,1
13318,1,20,640.76,98.82,24.59,41.17,45.17,1
13319,5,923,22082.5,92.78,98.56,98.53,97.68,1
13320,78,149,2228.1,53.46,77.21,74.37,72.03,1
13321,72,11,567.36,55.35,13.32,37.97,33.67,0
13322,17,25,199.48,82.05,29.8,13.17,28.16,0
13323,3,21,787.85,95.6,25.62,46.65,48.11,1
13324,36,132,10513.47,68.89,74.35,95.8,85.75,1
13325,81,12,675.3,52.55,14.64,42.46,36.19,0
13326,432,13,281.76,16.44,15.88,19.5,18.03,0
13327,38,320,9797.87,67.87,90.81,95.3,89.93,1
13328,316,17,1308.48,29.46,20.78,61.8,45.46,0
13329,31,118,5112.97,71.35,71.73,89.15,81.6,1
13330,92,117,2806.18,50.58,71.56,79.07,72.69,1
13331,401,12,262.4,20.99,14.64,18.41,17.74,0
13332,14,21,350.9,85.13,25.62,25.48,34.47,0
13333,411,55,1015.74,19.55,51.85,54.39,48.45,0
13334,82,468,6263.75,52.33,94.9,91.44,86.54,1
13336,77,51,795.12,53.85,49.74,47.03,48.81,1
13337,546,87,1575.26,9.2,64.63,66.18,57.2,0
13338,157,126,2345.62,43.1,73.33,75.55,70.06,1
13339,200,54,860.12,38.81,51.38,49.38,48.36,0
13340,45,215,22100.56,65.05,84.25,98.55,89.52,1
13341,260,42,775.85,33.86,43.97,46.04,43.63,0
13343,177,18,303.43,41.09,22.05,21.08,24.35,0
13344,67,116,2543.72,56.72,71.39,77.12,72.46,1
13345,287,19,339.5,31.44,23.43,24.61,25.3,0
13346,462,6,299.4,14.1,6.46,20.68,15.71,0
13347,70,7,291.36,56.27,7.81,20.08,22.07,0
13348,64,14,233.76,58.01,17.13,16.27,22.77,0
13349,10,15,197.32,87.92,18.32,13.07,25.77,0
13350,16,38,879.12,83.19,41.08,49.95,52.45,1
13351,66,15,323.94,57.08,18.32,23.31,26.98,0
13352,60,23,347.98,59.32,27.7,25.17,31.0,0
13354,71,51,743.53,55.84,49.74,45.08,48.0,1
13355,122,32,674.7,46.77,36.31,42.45,41.38,0
13356,80,42,768.24,52.83,43.97,45.71,46.29,0
13357,257,385,3817.36,34.0,93.18,84.89,79.58,1
13358,268,28,389.03,32.84,32.66,28.49,30.31,0
13359,63,54,943.31,58.53,51.38,52.14,52.88,1
13360,431,65,1503.65,16.65,56.46,65.0,55.36,0
13361,472,34,1450.5,13.26,37.94,64.39,49.31,0
13362,9,298,5394.07,89.18,89.71,89.8,89.68,1
13363,17,100,1623.86,82.05,67.96,66.99,69.52,1
13364,71,10,134.96,55.84,11.83,6.97,15.66,0
13365,33,128,2225.37,70.06,73.67,74.35,73.52,1
13366,50,1,56.16,63.46,0.86,1.32,10.51,0
13367,431,19,460.2,16.65,23.43,32.93,27.83,0
13368,256,50,1021.5,34.09,49.13,54.55,49.96,0
13369,365,13,516.56,27.19,15.88,35.56,28.8,0
13370,371,39,1509.74,26.66,41.83,65.19,52.87,0
13371,505,92,2297.66,11.33,65.96,75.05,62.95,0
13372,89,22,328.64,50.98,26.64,23.67,28.6,0
13373,60,358,7587.19,59.32,92.3,93.23,87.89,1
13374,414,16,372.8,19.17,19.57,27.16,23.84,0
13375,88,71,1792.23,51.23,58.95,69.43,63.77,1
13376,99,50,869.76,49.55,49.13,49.66,49.49,1
13377,396,76,1452.88,21.65,60.77,64.44,56.99,0
13379,26,94,572.56,74.47,66.55,38.33,51.65,1
13380,432,3,62.4,16.44,3.06,1.54,4.2,0
13381,31,356,8224.37,71.35,92.24,93.93,90.07,1
13382,280,86,1387.58,32.01,64.29,63.17,58.81,1
13383,543,1,305.28,9.34,0.86,21.25,13.75,0
13384,30,264,6680.83,72.08,87.9,92.22,87.99,1
13385,329,35,534.57,28.67,38.89,36.36,35.92,0
13386,414,31,835.46,19.17,35.52,48.5,40.46,0
13387,417,70,184.34,18.74,58.52,11.89,25.98,0
13388,131,69,1185.65,45.72,58.13,58.85,56.68,1
13389,11,51,797.96,86.73,49.74,47.14,53.8,1
13390,74,13,544.08,54.56,15.88,36.84,33.63,0
13391,203,1,59.8,38.59,0.86,1.42,6.84,0
13392,677,8,91.14,2.33,9.04,3.04,4.61,0
13393,583,69,1131.45,7.11,58.13,57.57,50.16,0
13394,1,409,6621.7,98.82,93.87,92.14,93.62,1
13395,185,81,1180.23,40.31,62.63,58.7,57.04,1
13396,29,43,1360.99,72.9,44.73,62.68,59.19,1
13397,72,89,3191.87,55.35,65.09,81.63,73.06,1
13398,192,39,670.34,39.55,41.83,42.29,41.75,0
13399,464,15,275.4,13.8,18.32,19.14,18.11,0
13400,582,23,310.83,7.17,27.7,22.04,21.39,0
13402,127,79,1535.13,46.32,61.81,65.57,61.63,1
13403,17,9,229.5,82.05,10.38,15.86,24.25,0
13404,1,11,252.49,98.82,13.32,17.7,28.64,0
13405,204,41,1198.81,38.47,43.2,59.21,51.62,0
13406,427,9,568.92,17.36,10.38,38.04,27.19,0
13407,578,85,2244.7,7.43,63.91,74.54,61.5,0
13408,1,824,51733.46,98.82,98.25,99.42,99.0,1
13410,24,50,2201.96,76.03,49.13,74.16,67.43,1
13411,107,17,213.55,48.55,20.78,14.39,21.3,0
13412,620,33,487.35,5.19,37.08,34.07,30.58,0
13413,639,43,429.44,4.14,44.73,31.27,30.97,0
13414,133,55,2494.14,45.58,51.85,76.81,65.14,1
13415,472,101,800.67,13.26,68.21,47.32,48.06,0
13416,43,26,940.8,65.96,30.75,51.98,48.13,1
13417,4,77,1669.49,93.99,61.07,67.53,69.69,1
13418,11,537,12233.6,86.73,95.92,96.57,94.91,1
13419,63,16,221.06,58.53,19.57,15.16,22.9,0
13420,149,8,159.85,44.02,9.04,9.54,14.57,0
13421,40,260,4092.62,66.89,87.66,85.99,83.59,1
13422,64,127,2626.3,58.01,73.5,77.96,73.72,1
13423,428,12,217.03,17.16,14.64,14.75,15.08,0
13424,449,40,572.77,14.91,42.53,38.35,36.0,0
13425,108,177,3403.63,48.37,80.86,82.84,77.12,1
13426,0,343,8167.38,100.0,91.65,93.85,94.16,1
13427,19,52,1006.53,80.0,50.28,54.05,56.89,1
13428,10,136,499.98,87.92,75.09,34.77,54.04,1
13429,10,67,1006.8,87.92,57.27,54.1,60.06,1
13430,18,49,679.45,80.97,48.49,42.63,50.02,1
13431,67,129,3316.24,56.72,73.91,82.31,76.12,1
13432,571,109,436.55,7.87,70.07,31.68,38.86,0
13433,501,24,658.32,11.59,28.77,41.68,33.55,0
13434,74,35,1666.86,54.56,38.89,67.48,57.54,1
13435,5,144,4475.23,92.78,76.51,87.44,85.18,1
13436,1,12,196.89,98.82,14.64,13.02,26.34,0
13437,14,167,3408.06,85.13,79.69,82.86,82.31,1
13438,547,1,46.5,9.13,0.86,1.01,2.19,0
13439,255,165,986.61,34.18,79.31,53.45,57.8,1
13440,423,59,1295.25,17.81,53.67,61.43,52.72,0
13441,91,38,720.9,50.79,41.08,44.29,44.37,0
13442,667,38,419.87,2.83,41.08,30.62,29.38,0
13443,448,197,1276.37,14.99,82.78,61.02,60.21,0
13444,374,53,631.68,25.92,50.85,40.76,41.36,0
13445,626,7,241.9,4.76,7.81,16.93,12.55,0
13446,430,192,3881.89,16.82,82.22,85.18,74.1,1
13447,23,59,1129.14,76.96,53.67,57.48,59.34,1
13448,16,526,8881.16,83.19,95.77,94.46,93.14,1
13449,23,19,291.88,76.96,23.43,20.13,29.58,0
13450,26,147,4120.04,74.47,76.88,86.07,81.76,1
13451,26,996,7189.78,74.47,98.8,92.93,91.8,1
13452,259,3,729.8,33.96,3.06,44.53,31.33,0
13453,165,40,781.69,42.36,42.53,46.41,44.72,0
13454,641,23,219.87,4.03,27.7,15.04,16.93,0
13455,24,114,2905.93,76.03,71.03,79.73,76.74,1
13456,17,63,1766.72,82.05,55.62,69.09,67.26,1
13457,688,9,148.22,1.86,10.38,8.3,7.92,0
13458,7,485,11959.27,91.75,95.24,96.41,95.38,1
13459,624,73,1160.41,4.94,59.71,58.27,50.68,0
13460,29,17,183.44,72.9,20.78,11.84,23.5,0
13461,38,62,4160.0,67.87,55.13,86.14,74.72,1
13462,252,71,1153.85,34.51,58.95,58.0,54.74,1
13464,58,151,3097.64,60.26,77.45,80.96,76.87,1
13465,446,34,931.12,15.08,37.94,51.69,42.35,0
13466,184,55,1013.35,40.48,51.85,54.31,51.54,0
13467,10,91,1083.71,87.92,65.62,56.31,63.66,1
13468,1,693,13390.51,98.82,97.4,97.1,97.44,1
13469,653,6,82.4,3.47,6.46,2.63,3.83,0
13470,99,10,165.0,49.55,11.83,10.2,16.56,0
13471,1,233,2531.58,98.82,85.97,77.03,82.8,1
13472,463,28,592.24,13.95,32.66,38.94,33.44,0
13473,60,70,2657.76,59.32,58.52,78.18,69.85,1
13474,236,123,663.79,35.9,72.69,42.05,49.71,0
13475,191,86,1431.78,39.67,64.29,64.03,60.45,1
13476,178,106,2061.47,40.99,69.4,72.78,67.06,1
13477,37,157,2834.17,68.33,78.35,79.24,77.35,1
13478,469,125,2215.78,13.54,73.09,74.25,64.82,1
13479,200,53,851.37,38.81,50.85,49.13,48.06,0
13480,416,41,627.82,18.91,43.2,40.57,38.06,0
13481,45,224,3830.84,65.05,85.06,84.93,81.98,1
13482,232,20,336.09,36.38,24.59,24.33,26.21,0
13483,65,10,140.34,57.51,11.83,7.66,16.3,0
13484,241,39,790.72,35.39,41.83,46.82,43.71,0
13485,233,157,3015.22,36.26,78.35,80.47,73.24,1
13486,78,69,1122.41,53.46,58.13,57.31,56.97,1
13487,57,49,846.87,60.75,48.49,48.97,50.61,1
13488,17,679,15587.88,82.05,97.27,97.54,95.14,1
13489,105,14,449.52,49.0,17.13,32.38,30.6,0
13490,654,8,154.25,3.39,9.04,8.94,8.13,0
13491,51,261,4566.56,62.88,87.75,87.78,84.04,1
13492,136,50,1269.84,45.17,49.13,60.85,55.22,1
13493,275,6,498.63,32.37,6.46,34.67,26.43,0
13494,311,18,316.26,29.8,22.05,22.54,23.49,0
13495,7,133,5374.26,91.75,74.49,89.73,85.76,1
13496,10,35,653.33,87.92,38.89,41.51,47.74,1
13497,282,58,1320.33,31.77,53.2,62.06,55.04,0
13498,730,17,327.38,0.78,20.78,23.55,19.36,0
13499,17,42,1159.11,82.05,43.97,58.2,57.79,1
13500,23,85,1466.3,76.96,63.91,64.61,66.27,1
13501,288,114,2885.11,31.33,71.03,79.61,69.97,1
13502,16,33,780.5,83.19,37.08,46.34,49.28,1
13503,71,179,1824.19,55.84,81.15,69.94,70.96,1
13504,64,22,295.93,58.01,26.64,20.44,27.81,0
13505,72,211,3633.63,55.35,83.93,83.99,79.68,1
13506,316,81,1639.2,29.46,62.63,67.24,60.28,1
13507,3,162,2479.16,95.6,78.96,76.71,80.17,1
13508,243,28,287.05,35.17,32.66,19.86,25.74,0
13509,8,48,1099.72,90.45,47.9,56.73,59.32,1
13510,1,289,4558.29,98.82,89.23,87.73,89.81,1
13511,676,5,282.76,2.39,5.13,19.57,12.95,0
13512,260,39,713.39,33.86,41.83,43.98,41.86,0
13513,126,40,824.59,46.49,42.53,48.03,46.26,0
13514,73,21,815.9,54.93,25.62,47.74,42.63,0
13515,72,76,1265.82,55.35,60.77,60.75,59.94,1
13516,21,61,1685.26,79.01,54.63,67.77,65.78,1
13517,59,141,2128.42,59.82,76.03,73.53,72.17,1
13518,85,36,659.44,51.9,39.65,41.78,42.7,0
13519,78,19,343.21,53.46,23.43,24.83,28.73,0
13520,58,188,5669.4,60.26,81.88,90.45,83.52,1
13521,1,406,1092.39,98.82,93.78,56.6,73.34,1
13522,30,5,125.8,72.08,5.13,6.1,15.73,0
13523,33,201,5101.52,70.06,83.21,89.1,84.59,1
13524,40,27,680.18,66.89,31.64,42.67,43.21,0
13525,14,6,628.78,85.13,6.46,40.65,37.75,0
13526,738,37,1182.0,0.04,40.31,58.71,44.76,0
13527,33,429,4683.74,70.06,94.26,88.19,87.17,1
13529,78,15,307.76,53.46,18.32,21.62,25.47,0
13530,634,18,402.98,4.3,22.05,29.46,23.61,0
13531,205,75,1738.52,38.35,60.4,68.68,61.81,1
13532,33,66,210.31,70.06,56.84,14.18,34.51,0
13533,182,73,270.79,40.71,59.71,18.83,33.56,0
13534,2,392,7720.9,97.17,93.45,93.39,93.97,1
13535,402,1,89.5,20.83,0.86,2.89,5.01,0
13536,1,176,3448.29,98.82,80.71,83.24,84.87,1
13537,425,42,717.85,17.51,43.97,44.21,40.14,0
13538,43,138,3112.73,65.96,75.47,81.05,77.22,1
13539,85,86,1569.36,51.9,64.29,66.06,63.44,1
13540,467,32,632.39,13.62,36.31,40.84,35.49,0
13541,427,10,785.25,17.36,11.83,46.51,32.43,0
13542,376,327,4006.17,25.42,91.05,85.58,78.08,1
13543,634,46,1439.61,4.3,46.68,64.17,50.29,0
13544,39,234,829.0,67.44,86.03,48.27,61.72,1
13545,390,54,374.64,22.82,51.38,27.27,33.35,0
13546,12,149,1092.14,85.84,77.21,56.56,66.74,1
13547,408,43,172.98,20.12,44.73,10.87,21.74,0
13548,96,181,908.99,49.81,81.37,50.79,59.2,1
13549,25,59,1005.8,75.21,53.67,54.03,57.11,1
13550,383,40,349.51,23.97,42.53,25.34,29.95,0
13551,319,5,244.2,29.15,5.13,17.14,15.58,0
13552,66,206,6978.92,57.08,83.67,92.7,84.83,1
13553,674,85,517.8,2.48,63.91,35.65,38.58,0
13554,380,195,1638.28,24.69,82.54,67.21,65.12,1
13555,73,385,8999.19,54.93,93.18,94.57,88.23,1
13556,429,9,200.82,16.98,10.38,13.29,13.03,0
13557,28,180,3032.26,73.75,81.28,80.5,79.71,1
13558,5,167,605.06,92.78,79.69,39.58,58.79,1
13559,512,2,990.0,10.92,2.16,53.57,32.78,0
13560,7,32,174.37,91.75,36.31,11.0,30.2,0
13561,215,226,1820.72,37.46,85.21,69.86,69.3,1
13562,81,196,4838.18,52.55,82.64,88.53,81.49,1
13563,84,49,777.53,52.17,48.49,46.21,47.74,1
13564,354,1169,16630.8,27.95,99.25,97.85,87.76,1
13565,19,60,414.8,80.0,54.17,30.18,44.37,1
13566,40,356,1704.27,66.89,92.24,68.1,74.68,1
13567,428,197,1083.69,17.16,82.78,56.29,57.84,0
13568,173,41,192.85,41.49,43.2,12.73,25.58,0
13569,17,171,892.28,82.05,80.1,50.27,63.39,1
13570,243,27,239.49,35.17,31.64,16.71,23.66,0
13571,12,657,4546.54,85.84,97.1,87.68,90.04,1
13572,205,32,1384.25,38.35,36.31,63.09,51.88,0
13573,50,79,915.02,63.46,61.81,51.01,55.9,1
13574,411,84,421.25,19.55,63.56,30.78,38.27,0
13575,23,46,732.07,76.96,46.68,44.69,50.09,1
13576,10,268,11551.74,87.92,88.17,96.26,92.74,1
13577,25,167,3484.28,75.21,79.69,83.39,81.13,1
13578,409,9,147.66,19.93,10.38,8.27,10.61,0
13579,14,81,1539.04,85.13,62.63,65.62,67.71,1
13580,406,5,107.75,20.44,5.13,4.15,6.87,0
13581,309,33,280.53,30.05,37.08,19.36,25.93,0
13582,389,11,241.68,23.01,13.32,16.92,16.82,0
13583,155,95,1445.03,43.45,66.82,64.29,61.87,1
13584,306,79,392.45,30.23,61.81,28.74,38.22,0
13585,530,39,684.54,10.06,41.83,42.91,37.68,0
13586,541,20,131.53,9.49,24.59,6.61,12.08,0
13587,63,30,1673.5,58.53,34.62,67.57,56.99,1
13588,15,174,2478.95,84.24,80.47,76.69,78.88,1
13589,14,52,1120.74,85.13,50.28,57.26,59.49,1
13590,11,403,6349.59,86.73,93.72,91.63,91.48,1
13591,64,101,2093.94,58.01,68.21,73.14,69.49,1
13592,35,16,247.96,69.46,19.57,17.43,25.83,0
13593,108,406,5523.69,48.37,93.78,90.04,84.84,1
13594,52,33,533.32,62.42,37.08,36.3,40.43,0
13595,516,131,818.22,10.74,74.24,47.81,49.65,0
13596,5,138,697.04,92.78,75.47,43.37,59.77,1
13597,400,17,396.71,21.21,20.78,28.96,25.51,0
13598,47,87,789.59,64.23,64.63,46.75,54.38,1
13599,1,391,10167.63,98.82,93.41,95.64,95.49,1
13600,312,41,518.42,29.67,43.2,35.66,36.87,0
13601,45,182,1185.14,65.05,81.45,58.82,66.09,1
13602,64,58,1025.17,58.01,53.2,54.65,54.75,1
13603,26,27,164.34,74.47,31.64,10.13,25.81,0
13604,658,21,717.62,3.25,25.62,44.19,32.85,0
13605,387,52,522.67,23.3,50.28,35.85,38.01,0
13606,29,40,280.54,72.9,42.53,19.38,33.89,0
13607,40,117,1078.31,66.89,71.56,56.12,62.06,1
13608,540,31,236.2,9.61,35.52,16.54,20.81,0
13609,593,7,167.35,6.52,7.81,10.39,9.09,0
13610,12,391,2174.63,85.84,93.41,73.99,81.21,1
13611,89,224,3319.53,50.98,85.06,82.35,78.4,1
13612,632,50,818.29,4.41,49.13,47.83,41.68,0
13613,452,59,1039.85,14.69,53.67,55.13,48.65,0
13614,24,261,2359.19,76.03,87.75,75.63,79.08,1
13615,318,367,6272.53,29.28,92.66,91.49,82.49,1
13616,568,32,288.1,8.02,36.31,19.91,22.72,0
13617,40,104,1278.75,66.89,68.94,61.18,64.21,1
13618,173,13,177.34,41.49,15.88,11.33,17.13,0
13619,544,41,230.19,9.27,43.2,15.96,22.58,0
13620,528,5,112.34,10.23,5.13,4.77,5.69,0
13621,116,19,213.85,47.29,23.43,14.42,21.87,0
13622,696,32,658.95,1.61,36.31,41.75,34.2,0
13623,30,273,2566.49,72.08,88.42,77.32,79.65,1
13624,388,22,462.08,23.15,26.64,32.98,29.73,0
13625,596,21,301.26,6.37,25.62,20.85,20.01,0
13626,252,44,707.04,34.51,45.43,43.72,42.82,0
13627,59,129,2245.9,59.82,73.91,74.56,72.16,1
13628,676,16,310.14,2.39,19.57,21.86,18.3,0
13629,23,87,13370.86,76.96,64.63,97.04,84.95,1
13630,5,71,2031.78,92.78,58.95,72.35,71.66,1
13631,99,11,3070.42,49.55,13.32,80.78,57.2,1
13632,24,220,3648.15,76.03,84.71,84.13,83.07,1
13634,33,436,5027.78,70.06,94.34,88.94,87.62,1
13635,67,162,2999.16,56.72,78.96,80.35,76.42,1
13636,36,63,949.12,68.89,55.62,52.44,55.8,1
13637,52,94,809.25,62.42,66.55,47.54,55.09,1
13638,15,8,122.64,84.24,9.04,5.76,18.45,0
13639,74,58,1346.27,54.56,53.2,62.44,58.67,1
13640,611,4,405.0,5.54,4.04,29.61,18.84,0
13641,640,43,942.37,4.09,44.73,52.08,42.83,0
13642,215,102,514.72,37.46,68.45,35.44,44.99,0
13643,31,102,2156.77,71.35,68.45,73.87,71.98,1
13644,16,146,2624.26,83.19,76.79,77.92,78.39,1
13645,120,5,252.1,46.92,5.13,17.69,18.56,0
13646,399,58,326.25,21.39,53.2,23.48,31.49,0
13647,9,139,3071.68,89.18,75.65,80.81,80.62,1
13648,400,105,1759.07,21.21,69.17,69.0,61.88,1
13649,256,107,1678.88,34.09,69.66,67.65,63.18,1
13650,16,172,3288.0,83.19,80.21,82.18,81.78,1
13651,39,13,211.85,67.44,15.88,14.3,22.72,0
13652,45,141,2570.85,65.05,76.03,77.38,75.15,1
13653,487,9,152.2,12.34,10.38,8.75,9.74,0
13654,43,329,6308.0,65.96,91.14,91.54,87.59,1
13655,114,119,2280.51,47.58,71.93,74.93,69.99,1
13656,164,87,1078.85,42.46,64.63,56.13,56.46,1
13657,10,16,382.14,87.92,19.57,27.84,34.54,0
13658,9,237,6025.5,89.18,86.17,91.13,89.45,1
13659,205,268,4894.88,38.35,88.17,88.7,81.0,1
13660,400,39,314.59,21.21,41.83,22.39,27.65,0
13661,603,17,325.24,5.94,20.78,23.44,20.07,0
13662,85,136,2250.11,51.9,75.09,74.71,71.4,1
13663,179,99,2047.51,40.88,67.73,72.54,66.44,1
13665,386,106,1711.66,23.5,69.4,68.32,61.9,1
13666,60,18,127.05,59.32,22.05,6.22,18.62,0
13667,149,82,305.02,44.02,62.96,21.22,36.33,0
13668,2,747,13089.94,97.17,97.78,96.92,97.2,1
13669,50,14,413.55,63.46,17.13,30.11,31.48,0
13670,75,25,349.7,54.19,29.8,25.38,30.94,0
13671,394,61,194.95,22.21,54.63,12.87,25.96,0
13672,301,18,419.92,30.63,22.05,30.64,28.23,0
13673,18,57,396.92,80.97,52.73,29.0,43.44,1
13674,432,14,240.68,16.44,17.13,16.81,16.85,0
13675,151,25,486.82,43.83,29.8,34.04,34.32,0
13676,539,13,243.9,9.7,15.88,17.11,15.65,0
13677,404,106,556.19,20.61,69.4,37.49,43.89,0
13678,151,16,232.6,43.83,19.57,16.15,21.26,0
13679,493,50,281.26,12.0,49.13,19.48,26.66,0
13680,1,639,11435.67,98.82,96.92,96.22,96.81,1
13681,17,57,827.83,82.05,52.73,48.21,54.55,1
13682,187,3,59.5,40.03,3.06,1.4,7.66,0
13683,457,10,258.6,14.35,11.83,18.15,15.81,0
13684,285,107,596.98,31.49,69.66,39.1,46.51,0
13685,2,39,3119.44,97.17,41.83,81.13,72.54,1
13686,182,34,409.04,40.71,37.94,29.8,33.72,0
13687,438,45,11880.84,15.56,46.1,96.36,70.17,1
13688,635,5,375.5,4.26,5.13,27.36,17.67,0
13689,63,9,1259.5,58.53,10.38,60.58,46.22,0
13690,59,9,172.25,59.82,10.38,10.82,18.05,0
13691,396,53,210.78,21.65,50.85,14.23,25.6,0
13692,24,96,3114.4,76.03,67.09,81.08,76.41,1
13693,374,106,2011.82,25.92,69.4,72.11,64.43,1
13694,3,1519,196482.81,95.6,99.57,99.91,99.17,2
13695,31,96,2770.73,71.35,67.09,78.74,74.37,1
13696,421,24,2020.4,18.19,28.77,72.18,51.93,0
13697,38,12,151.3,67.87,14.64,8.68,19.23,0
13698,596,34,465.53,6.37,37.94,33.13,30.47,0
13699,155,37,764.15,43.45,40.31,45.61,43.8,0
13700,26,240,2613.46,74.47,86.45,77.77,79.7,1
13701,446,9,161.0,15.08,10.38,9.7,10.7,0
13702,445,5,135.18,15.16,5.13,7.01,7.71,0
13703,318,36,425.56,29.28,39.65,31.02,33.17,0
13704,5,134,2308.06,92.78,74.7,75.21,77.7,1
13705,7,74,2035.33,91.75,60.03,72.39,71.83,1
13706,302,38,631.17,30.53,41.08,40.72,39.29,0
13707,267,155,3365.86,32.96,78.08,82.67,73.93,1
13708,271,48,294.88,32.65,47.9,20.33,29.9,0
13709,3,407,7591.75,95.6,93.82,93.25,93.76,1
13710,31,15,509.52,71.35,18.32,35.24,35.92,0
13711,218,92,1792.26,37.1,65.96,69.45,63.62,1
13712,246,33,766.42,34.92,37.08,45.66,41.65,0
13713,408,76,743.26,20.12,60.77,45.06,45.72,0
13714,465,30,161.35,13.7,34.62,9.76,17.31,0
13715,281,500,8483.29,31.88,95.46,94.16,85.18,1
13716,269,21,138.28,32.74,25.62,7.47,16.34,0
13717,32,124,1763.3,70.68,72.87,69.04,70.36,1
13718,246,12,306.55,34.92,14.64,21.39,21.53,0
13719,15,247,2814.27,84.24,86.82,79.15,82.06,1
13720,116,43,799.9,47.29,44.73,47.27,46.56,0
13721,36,42,741.54,68.89,43.97,44.92,48.25,1
13722,131,189,5635.41,45.72,81.96,90.38,81.32,1
13723,217,56,1209.2,37.33,52.27,59.48,54.14,1
13724,637,39,213.01,4.21,41.83,14.35,20.53,0
13725,49,104,1980.56,63.98,68.94,71.82,69.84,1
13726,38,42,1079.66,67.87,43.97,56.2,54.53,1
13727,28,83,1080.05,73.75,63.25,56.22,60.82,1
13728,36,164,2855.17,68.89,79.2,79.32,77.72,1
13729,435,39,724.73,16.02,41.83,44.43,39.44,0
13730,135,43,752.6,45.23,44.73,45.32,45.14,0
13731,219,38,610.59,36.92,41.08,39.85,39.76,0
13732,28,33,491.86,73.75,37.08,34.26,40.97,0
13733,410,29,487.03,19.75,33.69,34.06,31.81,0
13734,508,27,6701.64,11.18,31.64,92.31,63.15,0
13735,24,622,9813.22,76.03,96.82,95.32,92.85,1
13736,5,547,2766.21,92.78,96.02,78.66,85.64,1
13737,200,29,339.6,38.81,33.69,24.62,29.29,0
13738,396,88,440.93,21.65,64.87,31.99,39.64,0
13739,18,6,292.2,80.97,6.46,20.15,25.44,0
13740,240,94,1597.77,35.49,66.55,66.54,61.89,1
13741,71,34,668.43,55.84,37.94,42.24,43.08,0
13742,16,305,3131.02,83.19,90.05,81.2,83.98,1
13743,2,41,1341.6,97.17,43.2,62.37,62.22,1
13744,95,63,1156.36,50.05,55.62,58.08,56.19,1
13745,162,56,777.36,42.66,52.27,46.19,47.36,0
13746,413,9,176.69,19.35,10.38,11.24,12.22,0
13747,373,5,249.4,26.17,5.13,17.48,15.33,0
13748,95,58,2268.35,50.05,53.2,74.9,65.1,1
13750,53,75,3602.18,61.89,60.4,83.8,73.96,1
13751,288,9,296.25,31.33,10.38,20.45,19.27,0
13752,124,94,1590.73,46.58,66.55,66.4,63.47,1
13753,287,80,2094.57,31.44,62.26,73.15,63.85,1
13754,151,21,447.05,43.83,25.62,32.25,32.13,0
13755,3,307,2161.35,95.6,90.22,73.91,81.73,1
13756,2,334,9207.5,97.17,91.28,94.77,94.15,1
13757,674,8,195.55,2.48,9.04,12.94,10.28,0
13758,11,282,9314.14,86.73,88.89,94.89,91.99,1
13759,33,25,659.41,70.06,29.8,41.76,42.66,0
13760,54,114,1363.64,61.48,71.03,62.76,64.89,1
13761,50,122,1952.17,63.46,72.47,71.5,70.56,1
13762,218,35,2472.48,37.1,38.89,76.62,60.13,1
13763,63,50,5217.44,58.53,49.13,89.42,73.51,1
13764,70,361,2942.31,56.27,92.4,79.96,79.89,1
13765,653,16,352.82,3.47,19.57,25.6,20.59,0
13766,495,16,190.35,11.93,19.57,12.47,14.38,0
13767,2,764,35540.53,97.17,97.92,99.2,98.53,1
13768,726,32,875.97,1.0,36.31,49.87,38.74,0
13769,2,275,5800.42,97.17,88.55,90.77,91.11,1
13770,422,48,785.37,18.02,47.9,46.53,42.64,0
13771,64,216,5728.82,58.01,84.35,90.64,83.98,1
13772,33,548,3114.22,70.06,96.05,81.07,83.61,1
13773,396,19,301.54,21.65,23.43,20.9,21.72,0
13774,81,22,345.0,52.55,26.64,25.02,29.6,0
13775,590,63,1049.66,6.83,55.62,55.31,48.13,0
13777,0,355,56478.42,100.0,92.18,99.49,97.52,1
13778,103,44,1124.49,49.13,45.43,57.38,52.8,1
13779,515,27,161.13,10.78,31.64,9.72,16.02,0
13780,7,92,735.82,91.75,65.96,44.84,57.79,1
13781,250,57,778.83,34.58,52.73,46.27,46.33,0
13782,12,238,1793.72,85.84,86.26,69.48,76.63,1
13783,487,10,1542.09,12.34,11.83,65.68,42.6,0
13784,9,43,2910.23,89.18,44.73,79.75,71.36,1
13785,428,30,542.49,17.16,34.62,36.79,33.24,0
13786,367,115,3358.94,26.89,71.21,82.64,71.08,1
13787,75,79,1222.5,54.19,61.81,59.79,59.52,1
13788,505,1,3.75,11.33,0.86,0.04,1.97,0
13789,388,18,239.46,23.15,22.05,16.7,19.16,0
13790,4,45,348.8,93.99,46.1,25.27,41.41,1
13791,127,11,1516.0,46.32,13.32,65.31,47.91,0
13792,66,23,383.95,57.08,27.7,27.97,32.26,0
13793,646,7,96.0,3.79,7.81,3.3,4.63,0
13794,546,9,126.03,9.2,10.38,6.13,7.78,0
13795,388,29,836.3,23.15,33.69,48.53,40.57,0
13796,499,22,289.7,11.81,26.64,20.01,20.64,0
13797,436,78,1179.45,15.84,61.39,58.61,52.97,0
13798,1,718,75836.87,98.82,97.53,99.68,98.95,1
13799,116,106,2803.57,47.29,69.4,78.98,71.55,1
13800,309,73,1679.56,30.05,59.71,67.67,59.8,1
13801,66,23,324.8,57.08,27.7,23.41,29.66,0
13802,138,448,26259.11,44.94,94.55,98.86,89.56,1
13803,255,78,1338.91,34.18,61.39,62.32,57.84,1
13804,30,167,3208.52,72.08,79.69,81.77,79.73,1
13805,52,13,924.6,62.42,15.88,51.5,43.17,0
13806,63,10,256.38,58.53,11.83,17.99,22.35,0
13807,367,25,534.8,26.89,29.8,36.38,33.11,0
13808,5,76,1747.66,92.78,60.77,68.85,70.17,1
13809,305,24,679.7,30.3,28.77,42.65,36.91,0
13810,28,32,827.51,73.75,36.31,48.15,48.68,1
13811,183,10,519.75,40.6,11.83,35.75,29.78,0
13812,42,33,485.0,66.38,37.08,33.95,39.69,0
13813,39,135,2387.47,67.44,74.91,75.82,74.31,1
13814,92,79,2257.32,50.58,61.81,74.79,67.53,1
13815,22,349,6737.74,78.0,91.93,92.45,90.13,1
13816,23,26,499.67,76.96,30.75,34.76,39.97,0
13817,29,22,328.98,72.9,26.64,23.72,31.91,0
13818,429,5,61.28,16.98,5.13,1.5,4.84,0
13819,301,101,2642.35,30.63,68.21,78.04,68.18,1
13820,418,84,660.65,18.56,63.56,41.88,44.45,0
13821,144,204,1410.73,44.44,83.49,63.48,66.23,1
13822,5,95,632.0,92.78,66.82,40.77,55.87,1
13823,18,163,3403.45,80.97,79.1,82.81,81.49,1
13824,32,100,3314.76,70.68,67.96,82.28,76.53,1
13825,621,40,255.59,5.11,42.53,17.94,22.9,0
13826,176,10,189.5,41.25,11.83,12.41,16.57,0
13827,57,92,412.05,60.75,65.96,29.99,44.68,1
13828,22,15,209.49,78.0,18.32,14.15,24.89,0
13829,421,1,102.0,18.19,0.86,3.7,5.08,0
13830,581,11,156.85,7.27,13.32,9.16,10.04,0
13831,16,180,7023.58,83.19,81.28,92.75,88.11,1
13832,19,54,613.69,80.0,51.38,40.05,49.22,1
13833,159,44,701.36,42.89,45.43,43.49,43.94,0
13834,576,16,324.19,7.61,19.57,23.33,19.92,0
13835,25,71,1095.27,75.21,58.95,56.66,60.09,1
13836,399,31,620.37,21.39,35.52,40.36,36.16,0
13837,211,18,271.24,37.99,22.05,18.87,22.63,0
13838,5,390,1966.09,92.78,93.39,71.67,80.92,1
13839,486,7,139.95,12.41,7.81,7.62,8.39,0
13840,416,40,651.4,18.91,42.53,41.42,38.36,0
13841,252,1,85.0,34.51,0.86,2.7,6.96,0
13842,58,335,5629.91,60.26,91.32,90.35,86.1,1
13843,381,18,319.75,24.44,22.05,22.88,22.88,0
13844,11,20,361.62,86.73,24.59,26.4,34.94,0
13845,64,9,312.98,58.01,10.38,22.25,24.29,0
13846,24,81,1307.79,76.03,62.63,61.77,64.15,1
13847,719,19,310.72,1.51,23.43,22.01,19.33,0
13848,92,10,3335.0,50.58,11.83,82.5,57.93,1
13849,51,220,3469.3,62.88,84.71,83.3,80.63,1
13850,129,93,1595.48,45.96,66.3,66.49,63.36,1
13851,95,140,4606.46,50.05,75.82,87.92,78.85,1
13852,610,11,187.35,5.63,13.32,12.17,11.51,0
13853,57,23,1090.14,60.75,27.7,56.48,49.06,1
13854,8,178,12253.96,90.45,81.02,96.6,91.31,1
13855,500,73,1310.34,11.71,59.71,61.88,53.75,0
13856,168,54,1142.03,42.2,51.38,57.84,53.69,1
13857,393,124,1000.91,22.47,72.87,53.83,54.46,0
13858,57,11,216.17,60.75,13.32,14.64,21.19,0
13859,326,35,515.86,28.74,38.89,35.49,35.43,0
13860,1,76,1245.9,98.82,60.77,60.27,66.19,1
13861,429,21,273.26,16.98,25.62,19.05,20.58,0
13862,18,160,2556.09,80.97,78.8,77.2,78.22,1
13863,247,70,1239.55,34.81,58.52,60.15,55.89,1
13864,386,1,662.4,23.5,0.86,41.99,27.7,0
13865,58,30,501.56,60.26,34.62,34.91,38.63,0
13866,74,7,145.67,54.56,7.81,8.08,14.98,0
13867,31,59,1015.29,71.35,53.67,54.36,56.72,1
13868,7,33,3192.54,91.75,37.08,81.65,70.68,1
13869,123,811,8111.57,46.67,98.09,93.78,87.92,1
13870,2,241,5712.08,97.17,86.53,90.57,90.43,1
13871,22,402,7885.85,78.0,93.68,93.61,91.29,1
13872,527,57,919.57,10.3,52.73,51.26,45.53,0
13873,119,60,1038.92,47.04,54.17,55.09,53.63,1
13874,358,69,2049.15,27.77,58.13,72.62,61.84,1
13875,53,270,4814.37,61.89,88.26,88.43,84.4,1
13876,63,7,122.7,58.53,7.81,5.78,14.26,0
13877,86,23,449.68,51.66,27.7,32.4,33.97,0
13878,54,100,2473.06,61.48,67.96,76.64,71.94,1
13879,645,25,395.5,3.86,29.8,28.91,25.4,0
13880,21,223,4391.66,79.01,84.94,87.06,85.26,1
13881,3,457,45179.1,95.6,94.67,99.38,97.5,1
13882,2,65,1191.13,97.17,56.46,58.95,63.99,1
13883,10,314,6535.37,87.92,90.56,91.97,90.97,1
13884,7,174,1888.48,91.75,80.47,70.68,76.58,1
13885,189,28,506.8,39.9,32.66,35.01,35.09,0
13886,71,16,243.56,55.84,19.57,17.07,23.59,0
13887,204,19,349.55,38.47,23.43,25.36,26.79,0
13888,119,158,2169.05,47.04,78.49,73.96,71.19,1
13889,92,83,1991.23,50.58,63.25,71.92,66.29,1
13890,1,173,2927.38,98.82,80.33,79.85,82.83,1
13891,378,98,863.56,25.21,67.53,49.49,50.9,0
13892,26,36,1267.65,74.47,39.65,60.8,56.93,1
13893,297,21,821.1,30.77,25.62,47.93,39.11,0
13894,23,26,564.62,76.96,30.75,37.83,41.72,0
13895,28,186,4008.52,73.75,81.68,85.61,82.73,1
13896,625,21,388.55,4.86,25.62,28.42,24.1,0
13897,50,59,1160.72,63.46,53.67,58.29,57.77,1
13898,325,46,686.4,28.82,46.68,43.01,41.91,0
13899,16,19,388.52,83.19,23.43,28.4,35.23,0
13900,183,95,1610.59,40.6,66.82,66.78,62.87,1
13901,72,310,5676.34,55.35,90.35,90.46,85.17,1
13902,632,62,34023.26,4.41,55.13,99.15,72.61,1
13903,400,10,165.45,21.21,11.83,10.24,12.33,0
13904,37,26,332.64,68.33,30.75,24.11,32.6,0
13905,732,12,312.65,0.58,14.64,22.21,16.85,0
13906,409,1,42.0,19.93,0.86,0.91,3.75,0
13907,691,4,136.8,1.71,4.04,7.33,5.57,0
13908,79,121,2319.55,53.08,72.23,75.34,71.13,1
13909,423,37,286.6,17.81,40.31,19.84,25.27,0
13911,57,238,4234.99,60.75,86.26,86.41,82.52,1
13912,423,7,124.95,17.81,7.81,6.02,8.29,0
13913,506,3,42.22,11.26,3.06,0.92,3.07,0
13914,11,33,626.45,86.73,37.08,40.52,46.49,1
13915,394,2,70.8,22.21,2.16,1.85,4.99,0
13916,463,74,1275.81,13.95,60.03,61.0,53.67,0
13917,49,18,272.04,63.98,22.05,19.0,26.6,0
13918,49,30,1212.84,63.98,34.62,59.57,53.24,1
13919,59,73,1252.68,59.82,59.71,60.48,60.16,1
13920,431,86,1774.68,16.65,64.29,69.21,59.95,0
13921,402,44,730.7,20.83,45.43,44.57,41.25,0
13922,351,30,865.2,28.05,34.62,49.54,42.14,0
13923,53,20,351.13,61.89,24.59,25.55,30.73,0
13924,1,117,1838.85,98.82,71.56,70.13,74.83,1
13925,92,41,678.25,50.58,43.2,42.55,43.94,0
13926,23,11,223.85,76.96,13.32,15.31,24.0,0
13927,74,41,708.26,54.56,43.2,43.83,45.26,0
13928,10,27,464.57,87.92,31.64,33.07,40.89,1
13929,169,57,3494.1,42.07,52.73,83.42,68.63,1
13930,57,17,337.34,60.75,20.78,24.45,28.87,0
13931,95,271,5257.38,50.05,88.33,89.52,83.27,1
13932,294,16,307.4,30.99,19.57,21.55,22.41,0
13933,109,23,608.79,48.23,27.7,39.76,37.66,0
13934,263,31,922.1,33.43,35.52,51.35,44.23,0
13935,596,80,6116.92,6.37,62.26,91.27,70.41,0
13936,179,59,939.66,40.88,53.67,51.93,50.76,0
13937,169,54,880.13,42.07,51.38,50.0,49.19,0
13938,35,7,71.66,69.46,7.81,1.93,13.71,0
13939,23,110,1560.96,76.96,70.32,65.94,68.82,1
13940,17,49,839.14,82.05,48.49,48.62,53.59,1
13941,21,94,11122.3,79.01,66.55,96.02,85.22,1
13942,534,1,320.0,9.91,0.86,22.9,14.78,0
13943,577,15,246.54,7.52,18.32,17.33,16.13,0
13944,653,35,200.43,3.47,38.89,13.23,18.95,0
13945,394,51,854.15,22.21,49.74,49.25,45.33,0
13946,79,56,1876.23,53.08,52.27,70.52,62.8,1
13947,65,5,90.6,57.51,5.13,3.01,11.78,0
13948,360,24,548.76,27.57,28.77,37.13,33.36,0
13949,2,160,2427.32,97.17,78.8,76.26,80.11,1
13950,11,35,745.06,86.73,38.89,45.13,49.62,1
13951,176,39,674.45,41.25,41.83,42.43,42.09,0
13952,217,408,12823.52,37.33,93.85,96.84,87.07,1
13953,7,25,6640.68,91.75,29.8,92.17,74.65,1
13954,1,25,439.92,98.82,29.8,31.94,41.37,1
13955,154,85,545.17,43.61,63.91,36.91,45.47,0
13956,5,141,1026.42,92.78,76.03,54.7,66.38,1
13957,417,27,458.25,18.74,31.64,32.86,30.4,0
13958,379,227,4709.23,24.95,85.31,88.23,77.92,1
13959,79,153,1076.18,53.08,77.75,56.03,61.67,1
13960,21,12,230.22,79.01,14.64,15.98,25.06,0
13961,392,19,538.4,22.65,23.43,36.57,30.8,0
13962,21,23,362.8,79.01,27.7,26.52,34.73,0
13963,308,165,3011.87,30.14,79.31,80.43,72.57,1
13964,387,24,438.9,23.3,28.77,31.84,29.7,0
13965,476,24,996.61,12.99,28.77,53.69,40.61,0
13966,435,21,390.86,16.02,25.62,28.67,25.92,0
13967,145,6,166.3,44.37,6.46,10.29,14.33,0
13968,423,8,123.66,17.81,9.04,5.84,8.53,0
13969,7,1049,13365.87,91.75,99.02,97.03,96.79,1
13970,386,13,846.55,23.5,15.88,48.94,35.87,0
13971,18,255,4667.57,80.97,87.25,88.12,86.81,1
13972,70,15,190.25,56.27,18.32,12.46,20.67,0
13973,287,11,264.7,31.44,13.32,18.49,18.98,0
13974,49,43,677.72,63.98,44.73,42.53,46.36,1
13975,31,715,5358.84,71.35,97.5,89.66,89.11,1
13976,206,56,1192.36,38.27,52.27,58.99,54.0,1
13977,411,13,519.81,19.55,15.88,35.77,27.77,0
13978,14,15,196.79,85.13,18.32,12.99,25.3,0
13979,73,382,3409.93,54.93,93.13,82.88,81.56,1
13980,60,61,799.92,59.32,54.63,47.28,51.15,1
13981,415,22,331.14,19.01,26.64,23.97,23.98,0
13982,39,217,4445.59,67.44,84.46,87.32,83.54,1
13983,29,320,7108.45,72.9,90.81,92.87,89.3,1
13984,26,85,2048.6,74.47,63.91,72.61,70.45,1
13985,4,480,10020.86,93.99,95.08,95.57,95.2,1
13986,17,12,320.46,82.05,14.64,22.93,29.48,0
13987,379,46,682.54,24.95,46.68,42.74,41.18,0
13988,19,290,4757.8,80.0,89.29,88.38,87.38,1
13989,65,86,2026.06,57.51,64.29,72.27,67.82,1
13990,213,16,311.3,37.68,19.57,22.11,23.74,0
13991,12,79,854.97,85.84,61.81,49.27,58.26,1
13992,30,11,219.5,72.08,13.32,15.02,23.1,0
13993,42,261,6775.71,66.38,87.75,92.48,87.24,1
13994,3,144,2313.14,95.6,76.51,75.26,78.66,1
13995,15,230,3902.01,84.24,85.55,85.24,85.18,1
13996,386,32,845.76,23.5,36.31,48.91,41.57,0
13997,519,44,382.31,10.67,45.43,27.85,30.2,0
13998,446,31,566.7,15.08,35.52,37.9,33.81,0
13999,10,466,9502.26,87.92,94.87,95.08,93.94,1
14000,211,49,2046.34,37.99,48.49,72.52,60.61,1
14001,45,103,4530.09,65.05,68.68,87.65,78.94,1
14002,134,47,529.73,45.38,47.28,36.06,40.6,0
14003,732,16,209.41,0.58,19.57,14.11,13.61,0
14004,43,241,6258.45,65.96,86.53,91.42,86.23,1
14005,9,84,2874.72,89.18,63.56,79.55,76.51,1
14006,115,77,2196.67,47.45,61.07,74.13,66.47,1
14007,512,5,79.48,10.92,5.13,2.36,4.42,0
14008,432,32,509.04,16.44,36.31,35.22,32.71,0
14009,198,74,1099.91,39.0,60.03,56.75,55.01,1
14010,565,23,445.15,8.06,27.7,32.16,27.3,0
14011,480,32,457.82,12.71,36.31,32.84,30.79,0
14012,277,11,328.8,32.15,13.32,23.68,22.05,0
14013,110,68,1084.57,48.1,57.72,56.34,55.49,1
14014,77,76,1948.21,53.85,60.77,71.43,65.81,1
14015,52,20,917.34,62.42,24.59,51.13,45.39,0
14016,161,446,11303.41,42.78,94.53,96.14,87.68,1
14017,571,14,229.75,7.87,17.13,15.89,15.04,0
14018,645,13,367.15,3.86,15.88,26.83,20.32,0
14019,46,66,1421.61,64.59,56.84,63.76,61.95,1
14020,16,72,1249.01,83.19,59.38,60.39,63.53,1
14021,155,90,1716.58,43.45,65.35,68.39,63.8,1
14022,225,47,792.15,36.71,47.28,46.87,45.46,0
14023,7,31,584.07,91.75,35.52,38.74,45.79,1
14024,121,34,645.74,46.86,37.94,41.3,41.19,0
14025,464,98,4057.9,13.8,67.53,85.82,69.89,1
14026,470,50,713.11,13.44,49.13,43.97,40.83,0
14027,60,6,104.82,59.32,6.46,3.86,12.91,0
14028,550,9,10396.5,8.92,10.38,95.75,58.82,0
14029,63,15,467.66,58.53,18.32,33.22,32.84,0
14030,18,814,8262.29,80.97,98.15,93.97,93.19,1
14031,7,745,40999.17,91.75,97.74,99.33,97.75,1
14032,2,230,4850.27,97.17,85.55,88.55,89.0,1
14033,555,1,109.44,8.61,0.86,4.31,3.99,0
14034,22,84,651.82,78.0,63.56,41.46,53.13,1
14035,28,140,2856.72,73.75,75.82,79.34,77.52,1
14036,284,38,626.65,31.55,41.08,40.53,39.34,0
14037,176,114,836.95,41.25,71.03,48.58,53.77,1
14038,78,161,3069.88,53.46,78.86,80.76,76.13,1
14039,33,10,267.28,70.06,11.83,18.71,24.49,0
14040,40,756,12645.57,66.89,97.82,96.77,92.58,1
14041,266,21,141.41,33.13,25.62,7.74,16.56,0
14042,725,21,431.98,1.12,25.62,31.41,25.25,0
14043,491,39,304.25,12.19,41.83,21.17,25.61,0
14044,26,811,3119.35,74.47,98.09,81.12,84.87,1
14045,109,37,11313.03,48.23,40.31,96.16,73.33,1
14046,284,13,151.59,31.55,15.88,8.71,14.15,0
14047,8,152,4255.03,90.45,77.61,86.52,84.61,1
14048,305,138,748.69,30.3,75.47,45.25,51.47,0
14049,16,1055,13239.03,83.19,99.04,96.99,95.5,1
14050,31,54,746.36,71.35,51.38,45.2,50.85,1
14051,0,317,22434.0,100.0,90.7,98.62,96.61,1
14052,19,121,480.81,80.0,72.23,33.82,51.5,1
14053,124,8,572.3,46.58,9.04,38.29,31.35,0
14054,65,6,92.46,57.51,6.46,3.09,12.2,0
14055,106,33,1520.96,48.79,37.08,65.38,54.97,1
14056,1,1066,8214.65,98.82,99.06,93.9,96.08,1
14057,23,443,8408.84,76.96,94.45,94.09,91.62,1
14058,462,24,469.19,14.1,28.77,33.37,29.19,0
14059,266,8,183.6,33.13,9.04,11.88,14.27,0
14060,4,258,9519.08,93.99,87.5,95.1,92.8,1
14061,507,19,917.43,11.23,23.43,51.14,37.4,0
14062,9,338,25604.2,89.18,91.47,98.8,95.31,1
14063,686,38,9471.5,1.93,41.08,95.04,65.97,0
14064,29,219,3332.42,72.9,84.6,82.47,81.63,1
14065,389,49,891.02,23.01,48.49,50.22,45.65,0
14066,266,7,152.55,33.13,7.81,8.78,12.16,0
14067,63,52,374.7,58.53,50.28,27.29,38.41,0
14068,320,105,1528.37,29.07,69.17,65.5,61.06,1
14069,514,41,230.06,10.82,43.2,15.93,22.8,0
14070,684,40,326.55,2.0,42.53,23.5,25.6,0
14071,3,319,1424.0,95.6,90.76,63.84,76.14,1
14072,666,19,390.85,2.9,23.43,28.66,23.33,0
14073,32,13,151.04,70.68,15.88,8.65,19.98,0
14074,623,6,219.4,5.01,6.46,15.0,11.11,0
14075,4,80,1724.87,93.99,62.26,68.52,70.59,1
14076,129,43,122.47,45.96,44.73,5.72,22.68,0
14077,40,56,615.08,66.89,52.27,40.14,47.55,1
14078,101,145,1690.98,49.25,76.67,67.87,67.54,1
14079,124,12,375.1,46.58,14.64,27.31,26.65,0
14080,32,83,1115.68,70.68,63.25,57.13,60.87,1
14081,302,815,5370.1,30.53,98.18,89.71,83.21,1
14082,364,64,413.36,27.33,56.05,30.09,36.95,0
14083,4,185,1407.26,93.99,81.62,63.41,73.1,1
14084,512,7,150.5,10.92,7.81,8.55,8.7,0
14085,2,1033,10089.97,97.17,98.91,95.61,96.77,1
14086,462,1,39.95,14.1,0.86,0.84,2.83,0
14087,2,198,846.22,97.17,82.88,48.92,65.67,1
14088,10,682,64036.8,87.92,97.3,99.61,97.21,1
14089,56,13,161.0,61.2,15.88,9.7,19.15,0
14090,324,1,76.32,28.87,0.86,2.2,5.83,0
14091,654,13,9530.08,3.39,15.88,95.11,59.17,0
14092,7,373,7229.45,91.75,92.92,92.99,92.79,1
14093,12,95,442.85,85.84,66.82,32.04,49.85,1
14094,439,41,335.22,15.49,43.2,24.27,28.25,0
14095,722,1,2.95,1.41,0.86,0.02,0.46,0
14096,4,5064,53258.43,93.99,99.93,99.45,98.77,2
14097,481,40,422.86,12.64,42.53,30.88,31.41,0
14098,36,21,147.35,68.89,25.62,8.23,22.2,0
14099,16,518,5765.71,83.19,95.69,90.69,90.96,1
14100,137,24,194.9,45.1,28.77,12.85,22.14,0
14101,73,90,9961.93,54.93,65.35,95.47,80.95,1
14102,5,56,1360.28,92.78,52.27,62.66,64.27,1
14104,154,128,768.58,43.61,73.67,45.73,53.23,1
14105,239,279,5988.83,35.63,88.82,91.03,82.1,1
14106,737,1,214.8,0.14,0.86,14.5,8.53,0
14107,51,236,4877.3,62.88,86.13,88.62,84.06,1
14108,30,52,1044.96,72.08,50.28,55.19,56.35,1
14109,72,9,144.2,55.35,10.38,7.95,15.74,0
14110,3,399,12987.95,95.6,93.63,96.87,95.78,1
14111,14,10,692.85,85.13,11.83,43.25,40.74,0
14112,22,326,5834.59,78.0,90.99,90.81,88.94,1
14113,3,122,7092.61,95.6,72.47,92.82,87.54,1
14114,273,74,1364.09,32.59,60.03,62.78,57.48,1
14115,501,22,622.67,11.59,26.64,40.4,32.22,0
14116,19,72,1382.74,80.0,59.38,63.07,64.58,1
14117,143,3,90.0,44.52,3.06,2.93,9.2,0
14118,428,15,458.45,17.16,18.32,32.88,26.44,0
14119,375,11,183.37,25.68,13.32,11.83,14.32,0
14121,3,159,2780.15,95.6,78.67,78.84,81.31,1
14122,406,13,362.42,20.44,15.88,26.49,22.61,0
14123,733,24,436.18,0.47,28.77,31.66,26.17,0
14124,84,4,419.58,52.17,4.04,30.59,26.39,0
14125,10,166,2740.43,87.92,79.48,78.47,80.17,1
14126,7,43,1172.46,91.75,44.73,58.46,59.61,1
14127,122,117,1900.08,46.77,71.56,70.9,67.46,1
14128,60,65,924.21,59.32,56.46,51.47,54.04,1
14129,1,109,2591.34,98.82,70.07,77.6,78.67,1
14130,319,219,1882.67,29.15,84.6,70.64,68.33,1
14131,648,45,187.87,3.67,46.1,12.24,20.43,0
14132,2,200,3586.03,97.17,83.08,83.7,85.55,1
14133,129,36,911.14,45.96,39.65,50.87,46.99,0
14134,382,180,11123.35,24.17,81.28,96.04,81.12,1
14135,1,219,9643.92,98.82,84.6,95.18,92.76,1
14136,400,106,1570.81,21.21,69.4,66.11,60.3,0
14137,695,11,332.7,1.65,13.32,24.13,17.73,0
14138,1,46,982.38,98.82,46.68,53.37,58.31,1
14139,46,69,1086.8,64.59,58.13,56.37,58.1,1
14140,3,66,935.05,95.6,56.84,51.81,59.79,1
14141,2,40,915.13,97.17,42.53,51.03,55.57,1
14142,373,44,983.15,26.17,45.43,53.4,47.08,0
14143,133,7,115.8,45.58,7.81,5.26,12.02,0
14144,486,1,30.6,12.41,0.86,0.52,2.4,0
14145,46,25,7600.05,64.59,29.8,93.27,71.2,1
14146,8,456,9450.3,90.45,94.63,95.01,94.22,1
14147,78,30,2590.2,53.46,34.62,77.58,61.93,1
14148,233,17,466.29,36.26,20.78,33.19,30.17,0
14149,220,28,446.62,36.85,32.66,32.21,33.03,0
14150,35,26,658.64,69.46,30.75,41.73,42.81,0
14151,673,44,679.45,2.53,45.43,42.63,37.4,0
14152,75,133,1997.34,54.19,74.49,71.99,70.02,1
14153,483,17,233.4,12.59,20.78,16.25,16.97,0
14154,239,292,6460.7,35.63,89.38,91.83,82.71,1
14155,266,6,118.75,33.13,6.46,5.4,9.86,0
14156,9,3990,303578.63,89.18,99.9,99.97,98.33,2
14157,19,83,1002.78,80.0,63.25,53.91,60.44,1
14158,40,41,507.66,66.89,43.2,35.08,42.13,0
14159,19,1787,7926.79,80.0,99.69,93.66,93.3,1
14160,610,107,8421.47,5.63,69.66,94.1,73.99,1
14161,215,270,3318.88,37.46,88.26,82.33,77.26,1
14162,173,25,289.36,41.49,29.8,19.98,25.95,0
14163,87,58,2594.62,51.47,53.2,77.63,66.87,1
14164,70,29,1631.77,56.27,33.69,67.11,56.12,1
14165,275,23,122.54,32.37,27.7,5.74,15.88,0
14166,505,50,256.85,11.33,49.13,18.05,25.74,0
14167,39,107,1296.49,67.44,69.66,61.5,64.68,1
14168,420,15,370.45,18.4,18.32,26.95,23.25,0
14169,430,59,616.03,16.82,53.67,40.19,40.46,0
14170,375,142,597.33,25.68,76.2,39.11,47.48,0
14171,98,63,498.79,49.68,55.62,34.69,42.8,0
14172,605,44,402.72,5.84,45.43,29.43,30.37,0
14173,10,33,586.0,87.92,37.08,38.77,45.67,1
14174,33,26,134.46,70.06,30.75,6.89,23.04,0
14175,59,331,7678.88,59.82,91.17,93.32,87.69,1
14176,297,37,916.01,30.77,40.31,51.06,45.01,0
14177,86,202,2229.34,51.66,83.31,74.42,73.5,1
14178,8,307,1600.93,90.45,90.22,66.59,76.79,1
14179,40,145,719.78,66.89,76.67,44.26,56.73,1
14180,10,289,6319.25,87.92,89.23,91.56,90.36,1
14181,410,52,310.55,19.75,50.28,21.94,29.55,0
14182,443,50,678.77,15.29,49.13,42.57,40.31,0
14183,411,33,286.29,19.55,37.08,19.82,24.61,0
14184,66,24,452.89,57.08,28.77,32.6,35.2,0
14185,331,3,197.65,28.53,3.06,13.11,12.61,0
14186,427,104,1550.63,17.36,68.94,65.82,59.43,0
14187,473,8,123.5,13.16,9.04,5.83,7.83,0
14188,30,65,2054.36,72.08,56.46,72.68,68.05,1
14189,2,307,5814.39,97.17,90.22,90.79,91.59,1
14190,666,1,79.9,2.9,0.86,2.4,2.05,0
14191,1,265,4817.66,98.82,87.99,88.47,89.88,1
14192,388,14,293.74,23.15,17.13,20.27,19.82,0
14193,67,64,1210.19,56.72,56.05,59.5,58.12,1
14194,4,952,18670.59,93.99,98.67,98.22,97.71,1
14195,201,16,2615.6,38.7,19.57,77.82,55.64,0
14196,106,6,335.52,48.79,6.46,24.3,22.98,0
14197,410,20,390.05,19.75,24.59,28.59,26.14,0
14198,18,91,1569.73,80.97,65.62,66.08,68.18,1
14199,218,18,1091.7,37.1,22.05,56.53,43.96,0
14200,617,21,379.2,5.42,25.62,27.61,23.73,0
14201,60,55,1193.54,59.32,51.85,59.06,57.08,1
14202,381,29,847.76,24.44,33.69,48.99,41.02,0
14203,397,16,339.34,21.48,19.57,24.59,22.72,0
14204,2,215,1062.96,97.17,84.25,55.67,69.9,1
14205,16,123,2414.2,83.19,72.69,76.08,76.2,1
14206,239,71,1185.01,35.63,58.95,58.8,55.37,1
14207,687,2,157.8,1.89,2.16,9.31,6.2,0
14208,94,35,567.05,50.29,38.89,37.95,40.07,0
14209,10,231,4993.27,87.92,85.74,88.91,87.87,1
14210,105,314,5861.52,49.0,90.56,90.86,84.5,1
14211,53,240,4402.29,61.89,86.45,87.15,83.16,1
14212,89,21,2190.14,50.98,25.62,74.08,57.05,1
14213,404,5,1192.2,20.61,5.13,58.97,38.14,0
14214,30,67,1004.38,72.08,57.27,53.98,57.62,1
14215,11,186,3416.33,86.73,81.68,82.93,83.15,1
14216,3,77,2150.04,95.6,61.07,73.74,73.47,1
14217,1,174,3416.89,98.82,80.47,82.95,84.63,1
14218,42,12,169.48,66.38,14.64,10.63,20.11,0
14219,4,43,633.83,93.99,44.73,40.87,49.92,1
14220,247,38,1515.0,34.81,41.08,65.29,53.94,0
14221,42,347,6517.49,66.38,91.86,91.93,88.08,1
14222,177,41,683.17,41.09,43.2,42.79,42.65,0
14223,92,60,991.13,50.58,54.17,53.59,53.3,1
14224,110,223,1897.9,48.1,84.94,70.85,71.38,1
14225,434,85,2037.02,16.2,63.91,72.4,61.59,0
14226,28,96,3002.53,73.75,67.09,80.38,75.67,1
14227,26,376,6366.16,74.47,92.97,91.66,89.45,1
14228,437,38,745.5,15.68,41.08,45.15,39.59,0
14229,51,72,2594.04,62.88,59.38,77.61,70.3,1
14230,435,33,979.8,16.02,37.08,53.32,43.17,0
14231,183,69,1235.62,40.6,58.13,60.08,56.61,1
14232,42,115,2048.07,66.38,71.21,72.57,71.26,1
14233,49,73,2904.27,63.98,59.71,79.72,71.75,1
14234,22,135,775.46,78.0,74.91,46.0,58.89,1
14235,75,148,4717.99,54.19,77.02,88.26,80.0,1
14236,80,47,1744.64,52.83,47.28,68.78,60.37,1
14237,373,26,632.14,26.17,30.75,40.82,35.8,0
14238,326,13,434.23,28.74,15.88,31.56,26.75,0
14239,43,210,4263.17,65.96,83.86,86.55,82.71,1
14240,30,61,1247.49,72.08,54.63,60.34,60.5,1
14241,183,12,333.7,40.6,14.64,24.18,23.97,0
14242,234,16,280.55,36.14,19.57,19.4,21.96,0
14243,8,363,7431.05,90.45,92.47,93.11,92.54,1
14244,660,16,366.42,3.14,19.57,26.79,21.23,0
14245,219,108,1693.45,36.92,69.87,67.94,63.83,1
14246,110,75,1474.06,48.1,60.4,64.7,61.0,1
14247,278,108,772.66,32.08,69.87,45.81,50.49,0
14248,318,47,1032.95,29.28,47.28,54.94,48.95,0
14249,410,261,5625.46,19.75,87.75,90.31,79.01,1
14250,7,111,1904.05,91.75,70.57,70.93,73.95,1
14251,1,78,2879.7,98.82,61.39,79.58,77.37,1
14252,381,10,350.99,24.44,11.83,25.5,21.51,0
14253,493,12,363.4,12.0,14.64,26.57,21.04,0
14254,432,23,601.03,16.44,27.7,39.3,32.63,0
14256,260,133,2473.99,33.86,74.49,76.66,69.63,1
14257,64,240,5954.45,58.01,86.45,90.93,84.74,1
14258,9,300,32051.34,89.18,89.86,99.09,95.02,1
14259,141,5,120.0,44.7,5.13,5.52,11.29,0
14260,471,51,824.28,13.35,49.74,48.02,43.3,0
14261,50,52,1163.45,63.46,50.28,58.34,56.85,1
14262,8,143,2618.23,90.45,76.35,77.85,79.32,1
14263,423,16,322.93,17.81,19.57,23.21,21.38,0
14264,154,79,1517.36,43.61,61.81,65.35,61.09,1
14265,109,79,1373.35,48.23,61.81,62.9,60.39,1
14266,428,1,40.56,17.16,0.86,0.87,3.31,0
14267,162,55,1516.24,42.66,51.85,65.33,58.15,1
14268,470,19,354.85,13.44,23.43,25.8,23.28,0
14269,439,16,295.73,15.49,19.57,20.4,19.43,0
14270,331,29,492.65,28.53,33.69,34.31,33.27,0
14271,225,38,219.13,36.71,41.08,14.95,25.53,0
14272,73,64,920.81,54.93,56.05,51.33,53.19,1
14273,51,29,559.97,62.88,33.69,37.59,40.29,0
14274,686,15,256.6,1.93,18.32,18.01,15.68,0
14275,395,23,1189.38,21.91,27.7,58.9,44.62,0
14276,98,121,2102.68,49.68,72.23,73.26,69.43,1
14277,15,370,16817.36,84.24,92.78,97.88,94.41,1
14278,409,13,205.83,19.93,15.88,13.77,15.29,0
14279,520,3,191.86,10.57,3.06,12.61,9.63,0
14280,196,8,134.04,39.28,9.04,6.84,12.32,0
14281,408,7,245.15,20.12,7.81,17.21,15.01,0
14282,3,239,7849.66,95.6,86.37,93.56,91.85,1
14283,463,41,628.44,13.95,43.2,40.64,37.35,0
14284,30,67,1299.65,72.08,57.27,61.57,61.94,1
14285,21,60,3284.42,79.01,54.17,82.13,73.83,1
14286,23,499,8479.76,76.96,95.44,94.14,91.93,1
14287,8,9,176.63,90.45,10.38,11.21,22.86,0
14288,213,16,426.6,37.68,19.57,31.07,28.84,0
14289,8,47,911.26,90.45,47.28,50.89,55.81,1
14290,11,151,4516.56,86.73,77.45,87.59,84.62,1
14291,1,494,7904.1,98.82,95.35,93.63,94.89,1
14292,7,193,9226.25,91.75,82.37,94.79,90.85,1
14293,3,119,3267.93,95.6,71.93,82.07,81.26,1
14294,407,23,375.34,20.28,27.7,27.32,26.37,0
14295,40,71,2352.91,66.89,58.95,75.6,69.63,1
14296,421,27,456.4,18.19,31.64,32.78,30.27,0
14297,17,62,1305.33,82.05,55.13,61.71,62.91,1
14298,8,2864,91194.49,90.45,99.83,99.73,98.36,2
14299,8,335,14499.49,90.45,91.32,97.37,94.64,1
14300,18,3,43.2,80.97,3.06,0.94,13.54,0
14301,117,53,1992.18,47.16,50.85,71.94,62.32,1
14302,430,28,742.9,16.82,32.66,44.99,37.32,0
14303,407,22,277.94,20.28,26.64,19.26,21.48,0
14304,222,88,1725.01,36.8,64.87,68.54,62.75,1
14305,71,105,1858.96,55.84,69.17,70.45,67.9,1
14306,51,46,3151.4,62.88,46.68,81.36,68.88,1
14307,88,262,5071.03,51.23,87.81,89.06,83.04,1
14309,8,189,3780.81,90.45,81.96,84.76,84.83,1
14310,432,22,492.1,16.44,26.64,34.28,29.46,0
14311,242,31,516.45,35.27,35.52,35.54,35.5,0
14312,46,180,3090.29,64.59,81.28,80.91,78.57,1
14314,106,10,229.8,48.79,11.83,15.91,19.7,0
14315,44,133,3197.82,65.48,74.49,81.72,77.26,1
14316,422,31,1370.34,18.02,35.52,62.82,48.45,0
14317,64,24,508.58,58.01,28.77,35.15,36.79,0
14318,460,9,158.02,14.2,10.38,9.35,10.36,0
14319,424,26,494.85,17.63,30.75,34.47,30.9,0
14320,206,81,1346.75,38.27,62.63,62.46,58.88,1
14321,10,179,2218.06,87.92,81.15,74.3,78.26,1
14322,429,13,474.1,16.98,15.88,33.65,26.17,0
14323,114,36,605.06,47.58,39.65,39.58,40.8,0
14324,409,41,701.61,19.93,43.2,43.51,39.88,0
14325,569,18,245.48,7.95,22.05,17.22,17.19,0
14326,242,57,940.98,35.27,52.73,52.02,49.71,0
14327,163,106,1894.93,42.56,69.4,70.8,66.17,1
14329,17,552,9927.22,82.05,96.08,95.42,93.6,1
14330,623,13,200.63,5.01,15.88,13.28,12.77,0
14331,124,28,462.66,46.58,32.66,33.01,34.95,0
14332,22,61,1943.51,78.0,54.63,71.39,67.69,1
14333,67,15,415.2,56.72,18.32,30.21,30.86,0
14334,16,258,4318.48,83.19,87.5,86.72,86.41,1
14335,16,59,468.26,83.19,53.67,33.3,46.49,1
14336,16,90,1614.91,83.19,65.35,66.81,68.86,1
14338,161,50,928.1,42.78,49.13,51.62,49.6,0
14339,242,23,620.27,35.27,27.7,40.35,36.04,0
14340,218,6,134.7,37.1,6.46,6.92,11.32,0
14341,45,264,4467.32,65.05,87.9,87.42,84.2,1
14342,21,33,918.44,79.01,37.08,51.18,51.41,1
14343,421,230,1088.91,18.19,85.55,56.46,58.87,1
14344,127,229,3333.7,46.32,85.46,82.48,77.89,1
14345,38,6,108.98,67.87,6.46,4.25,14.42,0
14346,120,146,2315.75,46.92,76.79,75.29,71.45,1
14347,736,6,82.6,0.25,6.46,2.65,3.36,0
14348,260,18,409.57,33.86,22.05,29.87,28.28,0
14349,10,31,133.5,87.92,35.52,6.8,27.01,0
14350,274,59,972.03,32.48,53.67,53.08,50.15,0
14351,164,1,51.0,42.46,0.86,1.09,7.23,0
14352,157,45,1078.96,43.1,46.1,56.15,51.38,1
14353,215,25,376.5,37.46,29.8,27.41,29.59,0
14354,5,9,163.62,92.78,10.38,10.01,22.53,0
14355,365,60,1014.45,27.19,54.17,54.32,50.21,0
14356,79,33,701.23,53.08,37.08,43.47,43.12,0
14357,43,39,225.77,65.96,41.83,15.48,30.43,0
14358,389,25,400.06,23.01,29.8,29.2,28.44,0
14359,19,55,912.18,80.0,51.85,50.92,55.54,1
14360,31,117,2128.23,71.35,71.56,73.51,72.64,1
14361,578,14,214.71,7.43,17.13,14.47,14.16,0
14362,22,37,161.2,78.0,40.31,9.74,28.54,0
14363,402,8,227.47,20.83,9.04,15.62,14.56,0
14364,108,69,3717.35,48.37,58.13,84.38,71.63,1
14365,394,51,634.68,22.21,49.74,40.91,40.58,0
14366,525,1,136.0,10.35,0.86,7.2,5.9,0
14367,8,520,9261.52,90.45,95.71,94.81,94.41,1
14368,319,8,155.0,29.15,9.04,9.01,12.04,0
14369,642,26,469.13,3.96,30.75,33.36,28.22,0
14370,450,44,1175.78,14.83,45.43,58.53,48.31,0
14371,295,4,100.5,30.93,4.04,3.47,7.75,0
14372,443,38,860.08,15.29,41.08,49.37,41.94,0
14373,358,4,76.55,27.77,4.04,2.24,6.57,0
14374,541,7,108.0,9.49,7.81,4.2,6.01,0
14375,185,193,1132.99,40.31,82.37,57.6,61.94,1
14376,683,17,215.46,2.06,20.78,14.56,14.43,0
14377,191,11,617.05,39.67,13.32,40.23,32.61,0
14378,621,9,131.25,5.11,10.38,6.57,7.42,0
14379,44,123,1268.91,65.48,72.69,60.82,64.84,1
14381,52,112,631.34,62.42,70.74,40.74,52.39,1
14382,26,258,1246.8,74.47,87.5,60.32,70.05,1
14383,38,59,1247.69,67.87,53.67,60.36,59.61,1
14384,500,3,58.5,11.71,3.06,1.35,3.38,0
14385,9,14,202.11,89.18,17.13,13.38,25.8,0
14386,296,7,142.4,30.87,7.81,7.78,11.25,0
14387,32,138,1770.56,70.68,75.47,69.12,71.13,1
14388,10,393,6701.0,87.92,93.47,92.29,91.97,1
14389,65,87,1898.01,57.51,64.63,70.86,67.11,1
14390,10,453,6399.83,87.92,94.59,91.75,91.97,1
14391,576,14,135.6,7.61,17.13,7.09,9.98,0
14392,432,14,266.4,16.44,17.13,18.57,17.85,0
14393,218,5,67.95,37.1,5.13,1.74,8.0,0
14394,564,6,93.8,8.13,6.46,3.18,4.84,0
14395,2,756,8208.01,97.17,97.82,93.88,95.48,1
14396,65,243,2121.93,57.51,86.6,73.44,74.74,1
14397,2,87,2612.96,97.17,64.63,77.75,76.99,1
14398,401,53,707.79,20.99,50.85,43.8,42.35,0
14399,394,189,2113.16,22.21,81.96,73.39,68.12,1
14400,149,73,1732.47,44.02,59.71,68.61,62.43,1
14401,4,266,6795.9,93.99,88.06,92.5,91.48,1
14402,652,8,285.6,3.53,9.04,19.77,14.33,0
14403,130,25,1880.51,45.82,29.8,70.59,55.45,1
14404,33,180,2899.11,70.06,81.28,79.68,78.69,1
14405,386,2,195.0,23.5,2.16,12.88,11.48,0
14406,119,8,156.75,47.04,9.04,9.14,14.8,0
14407,107,72,2142.73,48.55,59.38,73.63,65.88,1
14408,10,126,4109.77,87.92,73.33,86.04,82.76,1
14409,71,104,3756.09,55.84,68.94,84.57,75.88,1
14410,92,370,2650.14,50.58,92.78,78.13,78.1,1
14411,310,14,1063.0,29.95,17.13,55.69,41.03,0
14412,42,84,1426.19,66.38,63.56,63.93,64.19,1
14413,362,95,427.57,27.43,66.82,31.13,40.57,0
14414,91,118,2399.33,50.79,71.73,75.96,71.0,1
14415,1,1199,12091.6,98.82,99.28,96.46,97.61,1
14416,22,14,490.22,78.0,17.13,34.19,35.99,0
14417,387,106,604.2,23.3,69.4,39.49,45.44,0
14418,3,122,1937.25,95.6,72.47,71.33,75.29,1
14419,10,223,1260.91,87.92,84.94,60.65,71.54,1
14420,99,92,1639.17,49.55,65.96,67.22,64.22,1
14421,57,96,2469.37,60.75,67.09,76.59,71.55,1
14422,0,552,10271.52,100.0,96.08,95.71,96.46,1
14423,218,15,916.61,37.1,18.32,51.09,39.82,0
14424,17,1,322.08,82.05,0.86,23.14,25.74,0
14425,434,39,661.39,16.2,41.83,41.95,38.06,0
14426,23,604,11727.94,76.96,96.67,96.33,93.52,1
14427,50,44,1263.52,63.46,45.43,60.7,56.84,1
14428,7,131,1244.83,91.75,74.24,60.25,68.89,1
14429,403,22,516.28,20.72,26.64,35.51,30.81,0
14430,511,35,1220.9,11.02,38.89,59.76,46.6,0
14431,302,81,2614.2,30.53,62.63,77.79,66.45,1
14432,9,372,2255.51,89.18,92.87,74.76,82.0,1
14433,465,72,289.6,13.7,59.38,19.99,30.08,0
14434,21,12,1372.8,79.01,14.64,62.88,51.79,1
14435,501,3,90.42,11.59,3.06,2.99,4.3,0
14436,98,11,271.7,49.68,13.32,18.95,21.98,0
14437,365,42,958.84,27.19,43.97,52.79,46.48,0
14438,306,9,131.9,30.23,10.38,6.68,11.25,0
14439,319,129,9443.04,29.15,73.91,94.98,79.2,1
14440,8,128,6638.73,90.45,73.67,92.16,86.72,1
14441,0,153,4611.69,100.0,77.75,87.95,86.9,1
14442,204,183,5367.02,38.47,81.54,89.7,79.73,1
14443,53,133,2386.47,61.89,74.49,75.8,73.35,1
14444,456,11,132.04,14.46,13.32,6.7,9.72,0
14445,455,32,221.65,14.55,36.31,15.23,21.03,0
14446,0,306,1236.51,100.0,90.12,60.1,74.49,1
14447,18,106,1711.73,80.97,69.4,68.34,70.53,1
14448,9,20,375.35,89.18,24.59,27.34,35.85,0
14449,18,465,2482.8,80.97,94.82,76.74,82.44,1
14450,180,76,1128.44,40.79,60.77,57.47,55.89,1
14451,60,494,3308.77,59.32,95.35,82.25,82.48,1
14452,10,126,665.59,87.92,73.33,42.16,57.75,1
14453,190,22,119.93,39.77,26.64,5.5,16.56,0
14454,376,107,977.3,25.42,69.66,53.23,53.66,0
14455,432,74,628.21,16.44,60.03,40.58,42.41,0
14456,5,920,3059.44,92.78,98.53,80.67,87.49,1
14457,310,4,113.64,29.95,4.04,4.96,8.45,0
14458,380,45,228.62,24.69,46.1,15.69,25.55,0
14459,155,112,5375.74,43.45,70.74,89.75,77.48,1
14460,110,42,1093.5,48.1,43.97,56.61,51.8,1
14461,148,631,6713.11,44.16,96.87,92.36,86.4,1
14462,66,270,2265.01,57.08,88.26,74.85,75.94,1
14463,98,8,786.57,49.68,9.04,46.58,36.54,0
14464,568,4,111.0,8.02,4.04,4.54,4.92,0
14465,246,190,3946.03,34.92,82.08,85.39,76.89,1
14466,29,205,4646.9,72.9,83.59,88.02,84.51,1
14467,17,298,2220.99,82.05,89.71,74.33,79.8,1
14468,733,12,204.24,0.47,14.64,13.58,11.91,0
14469,416,144,2112.21,18.91,76.51,73.38,66.08,1
14470,11,60,712.04,86.73,54.17,43.9,53.2,1
14471,591,41,400.95,6.74,43.2,29.25,29.78,0
14472,103,294,2228.22,49.13,89.45,74.38,74.81,1
14473,74,7,234.34,54.56,7.81,16.32,19.67,0
14474,46,126,1278.08,64.59,73.33,61.16,65.08,1
14475,71,48,1151.15,55.84,47.9,57.98,54.84,1
14476,257,17,215.7,34.0,20.78,14.59,19.24,0
14477,19,14,1969.6,80.0,17.13,71.68,57.66,1
14478,382,68,1276.66,24.17,57.72,61.04,54.58,0
14479,253,135,1299.11,34.38,74.91,61.52,61.2,1
14480,11,65,1299.52,86.73,56.46,61.53,63.89,1
14481,164,148,2311.49,42.46,77.02,75.24,70.82,1
14482,18,233,4357.91,80.97,85.97,86.86,85.73,1
14483,281,13,257.1,31.88,15.88,18.08,19.53,0
14484,50,53,1070.98,63.46,50.85,55.9,55.62,1
14485,38,44,165.75,67.87,45.43,10.25,28.75,0
14486,511,6,175.5,11.02,6.46,11.13,9.81,0
14487,26,158,1453.61,74.47,78.49,64.46,69.89,1
14488,67,46,1064.28,56.72,46.68,55.76,53.36,1
14489,207,100,1574.93,38.22,67.96,66.17,62.48,1
14490,406,80,1273.47,20.44,62.26,60.94,55.23,0
14491,175,17,468.13,41.36,20.78,33.29,31.0,0
14492,430,92,1921.91,16.82,65.96,71.17,61.56,0
14493,7,343,5130.15,91.75,91.65,89.23,90.29,1
14494,25,17,401.46,75.21,20.78,29.31,33.8,0
14495,50,7,174.8,63.46,7.81,11.03,17.99,0
14496,311,106,2668.23,29.8,69.4,78.21,68.48,1
14497,309,40,697.06,30.05,42.53,43.39,41.15,0
14498,42,363,3911.27,66.38,92.47,85.3,84.47,1
14499,26,300,2138.97,74.47,89.86,73.6,78.28,1
14500,88,6,356.85,51.23,6.46,25.91,24.26,0
14501,183,10,251.21,40.6,11.83,17.63,19.46,0
14502,19,588,2467.63,80.0,96.5,76.57,82.67,1
14503,3,164,3543.26,95.6,79.2,83.6,84.17,1
14504,47,107,673.26,64.23,69.66,42.4,53.31,1
14505,17,1529,11995.84,82.05,99.59,96.45,95.17,1
14506,17,386,3290.67,82.05,93.26,82.19,85.27,1
14507,23,253,3284.43,76.96,87.09,82.14,82.75,1
14508,22,169,874.94,78.0,79.95,49.83,62.49,1
14509,534,25,110.95,9.91,29.8,4.5,12.4,0
14510,375,75,1007.28,25.68,60.4,54.14,51.62,0
14511,11,68,1314.81,86.73,57.72,62.01,64.52,1
14512,187,79,1223.47,40.03,61.81,59.81,57.4,1
14513,100,19,788.01,49.37,23.43,46.67,40.57,0
14514,61,312,4598.98,58.9,90.46,87.9,84.27,1
14515,17,173,3749.26,82.05,80.33,84.5,82.97,1
14516,516,35,163.92,10.74,38.89,10.08,18.25,0
14517,33,18,330.45,70.06,22.05,23.91,30.31,0
14518,64,16,174.37,58.01,19.57,11.0,20.45,0
14519,683,38,206.09,2.06,41.08,13.82,19.69,0
14520,1,4,270.6,98.82,4.04,18.81,26.68,0
14521,491,17,199.45,12.19,20.78,13.16,15.15,0
14522,24,44,1758.62,76.03,45.43,68.97,63.44,1
14523,108,12,241.09,48.37,14.64,16.85,20.96,0
14524,31,321,2933.71,71.35,90.84,79.89,81.67,1
14525,19,511,8232.69,80.0,95.61,93.95,92.32,1
14526,389,41,262.4,23.01,43.2,18.41,26.04,0
14527,2,2633,27736.52,97.17,99.79,98.94,98.91,1
14528,37,18,364.22,68.33,22.05,26.61,31.59,0
14529,60,204,620.04,59.32,83.49,40.33,55.26,1
14530,25,466,6197.4,75.21,94.87,91.37,89.92,1
14531,479,29,376.34,12.77,33.69,27.39,26.96,0
14532,236,312,3859.18,35.9,90.46,85.05,79.19,1
14533,24,89,3466.37,76.03,65.09,83.29,77.1,1
14534,2,694,6266.51,97.17,97.42,91.46,93.98,1
14535,60,813,6019.39,59.32,98.14,91.11,88.31,1
14536,259,18,171.8,33.96,22.05,10.78,17.41,0
14537,57,23,641.4,60.75,27.7,41.18,40.34,0
14538,64,52,1370.84,58.01,50.28,62.85,58.61,1
14539,15,32,537.48,84.24,36.31,36.55,43.64,1
14540,9,254,3795.34,89.18,87.16,84.79,86.11,1
14541,58,166,2499.68,60.26,79.48,76.86,75.1,1
14542,185,5,103.25,40.31,5.13,3.78,9.64,0
14543,28,207,14867.12,73.75,83.74,97.47,90.07,1
14544,24,178,2982.43,76.03,81.02,80.16,79.78,1
14545,674,23,349.25,2.48,27.7,25.29,22.54,0
14546,5,782,5197.9,92.78,97.98,89.37,92.29,1
14547,3,347,4007.54,95.6,91.86,85.59,88.85,1
14548,150,103,2627.49,43.93,68.68,77.97,70.26,1
14549,311,143,916.55,29.8,76.35,51.08,54.96,1
14550,10,94,1353.31,87.92,66.55,62.54,67.47,1
14551,18,77,880.04,80.97,61.07,49.98,57.74,1
14552,151,154,511.28,43.83,77.91,35.3,48.51,1
14553,19,278,1841.54,80.0,88.75,70.23,76.88,1
14554,10,189,2381.04,87.92,81.96,75.73,79.31,1
14555,57,112,2315.63,60.75,70.74,75.27,71.83,1
14556,596,196,835.34,6.37,82.64,48.48,51.73,0
14557,85,16,788.38,51.9,19.57,46.7,39.89,0
14558,654,15,655.5,3.39,18.32,41.56,29.33,0
14559,390,2,75.6,22.82,2.16,2.12,5.24,0
14560,7,199,6114.03,91.75,82.95,91.23,88.99,1
14561,75,69,1080.76,54.19,58.13,56.25,56.47,1
14562,3,585,6729.4,95.6,96.46,92.41,94.03,1
14563,509,102,664.32,11.1,68.45,42.12,44.84,0
14564,434,107,2605.62,16.2,69.66,77.73,66.24,1
14565,95,157,3709.22,50.05,78.35,84.35,77.52,1
14566,110,16,4092.0,48.1,19.57,85.95,61.69,1
14567,56,33,1530.36,61.2,37.08,65.53,56.92,1
14568,435,47,919.7,16.02,47.28,51.3,44.88,0
14569,1,32,598.98,98.82,36.31,39.18,47.32,1
14570,280,64,512.4,32.01,56.05,35.36,40.65,0
14571,425,30,161.65,17.51,34.62,9.81,17.91,0
14572,3,477,5609.28,95.6,95.04,90.24,92.39,1
14573,179,306,2621.42,40.88,90.12,77.89,75.76,1
14574,732,11,143.7,0.58,13.32,7.84,8.29,0
14575,488,71,460.71,12.27,58.95,32.96,37.14,0
14576,372,1,70.8,26.46,0.86,1.85,5.27,0
14577,12,175,1374.25,85.84,80.59,62.92,71.3,1
14578,3,24,168.63,95.6,28.77,10.54,28.41,0
14579,432,24,105.56,16.44,28.77,3.9,12.74,0
14580,518,1,14.85,10.71,0.86,0.24,1.98,0
14581,16,59,433.8,83.19,53.67,31.54,45.49,1
14582,40,6,114.11,66.89,6.46,4.99,14.69,0
14583,5,437,1781.03,92.78,94.36,69.29,79.83,1
14584,169,216,1747.91,42.07,84.35,68.87,69.18,1
14585,50,111,1143.27,63.46,70.57,57.89,62.27,1
14586,276,19,237.36,32.26,23.43,16.59,20.86,0
14587,18,367,1601.14,80.97,92.66,66.61,76.06,1
14588,578,16,135.39,7.43,19.57,7.04,10.61,0
14589,371,3,79.5,26.66,3.06,2.38,6.21,0
14590,424,200,3006.62,17.63,83.08,80.4,71.74,1
14591,15,164,1447.14,84.24,79.2,64.3,71.47,1
14592,35,157,570.46,69.46,78.35,38.12,54.09,1
14593,21,572,3704.51,79.01,96.3,84.31,86.87,1
14594,7,51,634.83,91.75,49.74,40.93,51.02,1
14595,19,136,2164.45,80.0,75.09,73.94,75.17,1
14596,626,50,229.47,4.76,49.13,15.84,23.5,0
14597,11,87,2201.54,86.73,64.63,74.15,73.37,1
14598,44,89,384.04,65.48,65.09,28.01,44.01,1
14599,390,77,474.54,22.82,61.07,33.66,39.71,0
14600,305,54,865.17,30.3,51.38,49.52,47.16,0
14601,10,7,213.96,87.92,7.81,14.44,23.6,0
14602,656,31,205.36,3.29,35.52,13.72,18.26,0
14603,274,2,660.0,32.48,2.16,41.83,29.32,0
14604,633,19,136.36,4.35,23.43,7.3,11.37,0
14605,374,103,936.31,25.92,68.68,51.86,52.68,0
14606,1,6286,30558.44,98.82,99.95,99.06,99.27,2
14607,15,200,22589.63,84.24,83.08,98.65,92.13,1
14608,4,42,3342.94,93.99,43.97,82.54,73.46,1
14609,72,13,1486.2,55.35,15.88,64.82,49.69,0
14610,395,10,24.35,21.91,11.83,0.38,6.81,0
14611,443,38,604.33,15.29,41.08,39.51,36.31,0
14612,415,14,877.7,19.01,17.13,49.93,36.11,0
14613,680,1,76.32,2.2,0.86,2.2,1.83,0
14614,386,19,295.13,23.5,23.43,20.39,21.71,0
14615,394,48,951.76,22.21,47.9,52.55,46.69,0
14616,242,5,527.78,35.27,5.13,35.99,27.24,0
14617,402,9,190.47,20.83,10.38,12.49,13.15,0
14618,9,50,1342.32,89.18,49.13,62.39,62.69,1
14619,245,60,1291.24,35.05,54.17,61.36,55.4,1
14620,205,26,412.78,38.35,30.75,30.04,31.49,0
14621,1,159,3000.57,98.82,78.67,80.37,82.66,1
14622,184,21,320.58,40.48,25.62,22.95,26.33,0
14623,32,280,2054.9,70.68,88.88,72.69,76.92,1
14624,57,51,814.07,60.75,49.74,47.66,50.2,1
14625,196,266,4497.88,39.28,88.06,87.53,80.44,1
14626,23,232,5410.92,76.96,85.9,89.85,86.81,1
14627,379,29,462.75,24.95,33.69,33.03,32.0,0
14628,91,86,1998.0,50.79,64.29,72.02,66.67,1
14629,4,148,959.01,93.99,77.02,52.8,65.76,1
14630,484,21,338.65,12.54,25.62,24.54,23.04,0
14631,50,91,2025.69,63.46,65.62,72.25,69.07,1
14632,262,8,114.56,33.55,9.04,5.08,10.46,0
14633,266,20,344.9,33.13,24.59,25.0,26.1,0
14634,437,109,2124.46,15.68,70.07,73.5,63.86,1
14635,453,15,215.22,14.61,18.32,14.52,15.6,0
14636,36,28,609.85,68.89,32.66,39.83,42.18,0
14637,677,7,106.68,2.33,7.81,4.02,4.83,0
14638,50,16,443.6,63.46,19.57,32.11,33.3,0
14639,52,292,4978.96,62.42,89.38,88.89,85.06,1
14640,24,203,3667.06,76.03,83.41,84.19,82.75,1
14641,21,7,110.46,79.01,7.81,4.37,16.53,0
14642,58,2,96.12,60.26,2.16,3.32,11.53,0
14643,170,62,1679.89,41.9,55.13,67.69,60.3,1
14644,67,62,2247.72,56.72,55.13,74.64,66.49,1
14645,156,48,876.89,43.29,47.9,49.9,48.35,0
14646,1,3816,526751.52,98.82,99.88,99.98,99.78,2
14647,201,42,519.97,38.7,43.97,35.78,38.51,0
14648,416,403,4543.6,18.91,93.72,87.66,79.05,1
14649,4,498,3775.31,93.99,95.42,84.71,89.1,1
14650,589,4,62.5,6.89,4.04,1.57,3.06,0
14651,67,278,2034.12,56.72,88.75,72.37,74.61,1
14652,77,29,114.18,53.85,33.69,5.02,20.37,0
14653,1,378,3426.28,98.82,93.05,83.03,88.2,1
14654,738,27,246.86,0.04,31.64,17.36,18.76,0
14655,8,103,3878.51,90.45,68.68,85.17,81.34,1
14656,169,197,814.65,42.07,82.78,47.69,56.67,1
14657,17,200,1460.87,82.05,83.08,64.51,72.34,1
14658,5,29,247.15,92.78,33.69,17.38,33.26,0
14659,8,251,2529.93,90.45,87.0,77.0,81.82,1
14660,86,30,285.74,51.66,34.62,19.79,28.72,0
14661,26,4,107.95,74.47,4.04,4.19,14.69,0
14662,28,232,1416.33,73.75,85.9,63.62,71.38,1
14663,430,63,490.6,16.82,55.62,34.23,37.61,0
14664,19,96,637.89,80.0,67.09,41.05,54.18,1
14665,60,132,2749.65,59.32,74.35,78.57,74.5,1
14666,24,13,179.95,76.03,15.88,11.64,22.49,0
14667,10,1250,21891.39,87.92,99.35,98.5,97.15,1
14668,445,10,111.63,15.16,11.83,4.63,8.23,0
14669,241,375,3243.93,35.39,92.94,81.97,78.06,1
14670,280,174,602.0,32.01,80.47,39.32,49.74,0
14671,549,53,1127.45,8.98,50.85,57.43,48.32,0
14672,234,105,1113.14,36.14,69.17,57.07,57.32,1
14673,3,148,3410.81,95.6,77.02,82.91,83.17,1
14674,509,14,173.66,11.1,17.13,10.92,12.69,0
14675,16,207,1066.9,83.19,83.74,55.84,67.76,1
14676,31,133,8356.79,71.35,74.49,94.05,85.17,1
14677,592,14,184.91,6.62,17.13,11.93,12.59,0
14678,579,24,403.39,7.34,28.77,29.51,25.98,0
14679,381,63,1289.44,24.44,55.62,61.33,54.2,0
14680,25,1263,57412.77,75.21,99.4,99.54,95.85,1
14681,71,20,875.15,55.84,24.59,49.85,43.67,0
14682,187,86,1514.81,40.03,64.29,65.28,61.21,1
14683,588,21,146.56,6.93,25.62,8.17,12.87,0
14684,25,482,1468.55,75.21,95.16,64.64,74.77,1
14685,576,179,4619.79,7.61,81.15,87.99,74.02,1
14686,414,212,885.83,19.17,84.01,50.14,54.97,0
14687,106,40,1402.06,48.79,42.53,63.35,55.33,1
14688,7,485,7713.57,91.75,95.24,93.37,93.65,1
14689,208,13,112.8,38.17,15.88,4.87,12.95,0
14690,44,103,794.33,65.48,68.68,46.96,55.82,1
14691,30,71,2114.33,72.08,58.95,73.41,69.16,1
14692,137,153,1745.09,45.1,77.75,68.8,67.75,1
14693,264,75,1165.36,33.29,60.4,58.37,55.18,1
14694,617,15,244.31,5.42,18.32,17.16,15.72,0
14695,519,81,1620.07,10.67,62.63,66.92,57.28,0
14696,4,154,2767.9,93.99,77.91,78.69,80.77,1
14697,218,22,188.61,37.1,26.64,12.34,20.06,0
14698,1,190,1250.76,98.82,82.08,60.44,72.26,1
14699,214,50,702.6,37.56,49.13,43.54,44.21,0
14700,32,165,3116.26,70.68,79.31,81.1,79.03,1
14701,10,578,4562.09,87.92,96.38,87.76,90.2,1
14702,1,676,6742.42,98.82,97.25,92.46,94.76,1
14703,14,22,318.17,85.13,26.64,22.73,33.18,0
14704,19,420,1781.23,80.0,94.09,69.31,77.85,1
14705,198,1,179.0,39.0,0.86,11.52,12.66,0
14706,618,25,390.69,5.35,29.8,28.64,25.47,0
14707,435,2,139.2,16.02,2.16,7.54,7.3,0
14708,2,41,2212.28,97.17,43.2,74.21,68.97,1
14709,15,357,8886.33,84.24,92.28,94.48,92.33,1
14710,14,413,1922.59,85.13,93.97,71.19,79.66,1
14711,10,339,2868.8,87.92,91.52,79.51,84.13,1
14712,29,32,1328.07,72.9,36.31,62.18,56.55,1
14713,9,672,5418.47,89.18,97.2,89.88,91.83,1
14714,24,91,906.24,76.03,65.62,50.72,58.69,1
14715,24,134,1824.55,76.03,74.7,69.98,72.21,1
14716,43,92,565.45,65.96,65.96,37.85,49.94,1
14717,733,11,81.3,0.47,13.32,2.53,5.24,0
14718,410,11,226.42,19.75,13.32,15.53,15.55,0
14719,1,231,1602.13,98.82,85.74,66.64,76.82,1
14720,5,37,663.81,92.78,40.31,42.07,49.18,1
14721,379,24,115.77,24.95,28.77,5.25,14.79,0
14722,147,87,513.37,44.28,64.63,35.39,44.91,0
14723,10,389,2089.66,87.92,93.35,73.09,80.99,1
14724,590,40,345.25,6.83,42.53,25.03,27.2,0
14725,24,94,1309.36,76.03,66.55,61.83,65.28,1
14726,654,15,124.75,3.39,18.32,5.97,9.04,0
14727,274,44,465.23,32.48,45.43,33.08,36.45,0
14728,413,14,190.58,19.35,17.13,12.56,14.86,0
14729,373,128,907.38,26.17,73.67,50.73,53.47,0
14730,1,436,2005.06,98.82,94.34,72.04,82.3,1
14731,47,44,380.02,64.23,45.43,27.68,38.13,0
14732,8,277,5517.07,90.45,88.67,90.02,89.71,1
14733,16,318,16184.97,83.19,90.73,97.71,93.58,1
14734,425,63,1056.42,17.51,55.62,55.43,49.8,0
14735,3,365,12225.16,95.6,92.6,96.55,95.3,1
14736,485,86,401.08,12.47,64.29,29.27,36.56,0
14737,3,45,3554.17,95.6,46.1,83.63,74.92,1
14738,42,79,1821.9,66.38,61.81,69.87,67.09,1
14739,4,244,12287.5,93.99,86.66,96.62,93.44,1
14740,197,231,4161.06,39.13,85.74,86.18,79.0,1
14741,11,76,1897.59,86.73,60.77,70.83,70.4,1
14742,435,34,579.85,16.02,37.94,38.6,35.03,0
14743,592,3,50.48,6.62,3.06,1.08,2.46,0
14744,16,118,3885.08,83.19,71.73,85.2,81.13,1
14745,112,140,2571.81,47.93,75.82,77.41,72.54,1
14746,406,9,593.5,20.44,10.38,38.98,28.19,0
14747,249,18,328.2,34.64,22.05,23.62,24.83,0
14748,29,159,3152.32,72.9,78.67,81.37,79.35,1
14749,479,18,310.15,12.77,22.05,21.87,20.56,0
14750,736,32,112.03,0.25,36.31,4.68,12.87,0
14751,684,7,126.45,2.0,7.81,6.19,6.01,0
14752,43,5,389.64,65.96,5.13,28.52,27.59,0
14753,87,48,869.51,51.47,47.9,49.64,49.43,1
14754,44,136,1550.48,65.48,75.09,65.81,68.36,1
14755,9,475,9972.55,89.18,94.99,95.54,94.43,1
14756,15,118,2603.76,84.24,71.73,77.72,77.02,1
14757,75,19,420.5,54.19,23.43,30.71,32.19,0
14758,144,136,2864.97,44.44,75.09,79.43,72.96,1
14759,4,102,1625.97,93.99,68.45,67.05,71.48,1
14760,297,5,89.2,30.77,5.13,2.87,7.69,0
14761,58,24,447.92,60.26,28.77,32.31,35.51,0
14762,263,30,417.57,33.43,34.62,30.43,32.06,0
14764,46,6,278.3,64.59,6.46,19.28,22.48,0
14765,29,39,254.11,72.9,41.83,17.84,32.82,0
14766,8,334,6556.13,90.45,91.28,92.02,91.58,1
14767,474,18,382.81,13.1,22.05,27.9,24.05,0
14768,17,5,192.6,82.05,5.13,12.7,20.98,0
14769,2,1374,15770.23,97.17,99.47,97.61,98.06,1
14770,232,197,3637.64,36.38,82.78,84.06,76.55,1
14771,621,47,594.62,5.11,47.28,39.03,36.25,0
14772,112,9,139.26,47.93,10.38,7.55,14.4,0
14773,592,10,140.55,6.62,11.83,7.69,8.69,0
14774,528,13,241.45,10.23,15.88,16.87,15.6,0
14775,58,60,1418.46,60.26,54.17,63.7,60.52,1
14776,51,190,3708.3,62.88,82.08,84.33,80.48,1
14777,403,16,307.56,20.72,19.57,21.6,20.9,0
14778,127,35,730.86,46.32,38.89,44.58,43.25,0
14779,280,41,386.15,32.01,43.2,28.28,33.02,0
14780,54,27,447.68,61.48,31.64,32.3,36.49,0
14782,319,6,200.1,29.15,6.46,13.21,13.71,0
14783,659,17,307.3,3.2,20.78,21.51,18.56,0
14784,26,27,449.93,74.47,31.64,32.42,38.51,0
14785,10,3,77.4,87.92,3.06,2.29,15.35,0
14786,550,7,90.96,8.92,7.81,3.02,5.25,0
14787,471,14,110.65,13.35,17.13,4.41,9.31,0
14788,7,58,1156.32,91.75,53.2,58.07,61.76,1
14789,28,6,197.64,73.75,6.46,13.09,20.33,0
14790,16,145,2526.62,83.19,76.67,76.98,77.82,1
14791,606,19,303.63,5.79,23.43,21.1,19.46,0
14792,63,2,6.2,58.53,2.16,0.07,9.42,0
14793,21,39,625.9,79.01,41.83,40.5,46.65,1
14794,2,104,1953.9,97.17,68.94,71.53,74.65,1
14795,166,6,131.45,42.27,6.46,6.6,11.91,0
14796,1,1469,10888.08,98.82,99.54,95.97,97.39,1
14797,507,16,300.31,11.23,19.57,20.75,18.99,0
14798,52,49,724.31,62.42,48.49,44.41,48.25,1
14799,51,23,338.15,62.88,27.7,24.52,31.17,0
14800,47,592,7763.07,64.23,96.57,93.42,89.92,1
14801,61,56,193.14,58.9,52.27,12.75,30.74,0
14803,162,41,845.55,42.66,43.2,48.89,46.36,0
14804,8,12,353.27,90.45,14.64,25.68,32.31,0
14805,15,127,1104.64,84.24,73.5,56.9,65.65,1
14806,75,20,303.43,54.19,24.59,21.08,27.03,0
14807,390,38,519.29,22.82,41.08,35.7,35.27,0
14808,39,222,2741.17,67.44,84.85,78.49,78.61,1
14809,621,18,686.76,5.11,22.05,43.05,31.48,0
14810,40,298,2537.02,66.89,89.71,77.07,79.08,1
14811,387,28,170.5,23.3,32.66,10.7,18.74,0
14812,598,36,185.8,6.2,39.65,12.05,18.9,0
14813,369,129,1090.87,26.74,73.91,56.51,56.92,0
14814,581,27,159.21,7.27,31.64,9.51,15.37,0
14815,36,53,778.5,68.89,50.85,46.26,50.94,1
14816,197,4,271.85,39.13,4.04,18.98,17.82,0
14817,200,223,3609.86,38.81,84.94,83.87,77.41,1
14818,73,103,1170.41,54.93,68.68,58.44,60.78,1
14819,64,53,470.16,58.01,50.85,33.41,41.98,0
14820,21,64,1274.76,79.01,56.05,60.97,62.3,1
14821,366,68,1286.45,27.02,57.72,61.28,55.14,0
14822,485,9,157.7,12.47,10.38,9.3,10.08,0
14823,180,70,321.43,40.79,58.52,23.03,35.63,0
14824,10,158,4022.91,87.92,78.49,85.68,84.0,1
14825,3,294,4925.08,95.6,89.45,88.84,90.03,1
14826,581,10,385.2,7.27,11.83,28.18,20.47,0
14828,196,101,9839.46,39.28,68.21,95.33,79.33,1
14829,29,91,1692.84,72.9,65.62,67.91,68.02,1
14830,53,38,196.28,61.89,41.08,12.97,28.18,0
14831,680,82,1676.57,2.2,62.96,67.62,56.5,0
14833,498,7,94.8,11.89,7.81,3.23,5.81,0
14834,17,87,2206.16,82.05,64.63,74.18,72.69,1
14835,528,2,297.0,10.23,2.16,20.52,13.84,0
14836,10,6,102.45,87.92,6.46,3.73,17.12,0
14837,89,209,3460.32,50.98,83.8,83.25,78.57,1
14838,423,70,773.67,17.81,58.52,45.86,45.2,0
14839,418,74,915.28,18.56,60.03,51.04,48.69,0
14840,267,22,362.71,32.96,26.64,26.5,27.51,0
14841,53,300,7163.0,61.89,89.86,92.89,87.39,1
14842,43,145,2824.69,65.96,76.67,79.19,76.5,1
14843,436,9,211.8,15.84,10.38,14.29,13.43,0
14844,63,277,6702.43,58.53,88.67,92.33,86.23,1
14845,599,1,150.0,6.1,0.86,8.51,6.01,0
14846,427,12,437.4,17.36,14.64,31.77,24.81,0
14847,148,62,1348.95,44.16,55.13,62.49,57.68,1
14848,404,11,310.56,20.61,13.32,21.96,19.34,0
14849,21,738,15763.45,79.01,97.66,97.59,94.82,1
14850,311,182,1794.01,29.8,81.45,69.5,66.89,1
14851,23,42,829.41,76.96,43.97,48.29,51.38,1
14852,58,309,6147.18,60.26,90.31,91.32,86.38,1
14853,24,31,1376.87,76.03,35.52,62.95,57.23,1
14854,78,214,4322.86,53.46,84.18,86.76,81.04,1
14855,119,206,6520.3,47.04,83.67,91.95,82.9,1
14856,36,65,1311.38,68.89,56.46,61.89,61.42,1
14857,59,212,3651.85,59.82,84.01,84.14,80.46,1
14858,505,11,180.75,11.33,13.32,11.65,12.07,0
14859,12,66,1705.64,85.84,56.84,68.11,67.62,1
14860,19,11,170.32,80.0,13.32,10.65,21.8,0
14861,52,86,1380.73,62.42,64.29,63.02,63.28,1
14862,25,48,841.2,75.21,47.9,48.72,52.46,1
14863,29,11,266.76,72.9,13.32,18.61,25.27,0
14865,7,6,129.72,91.75,6.46,6.39,19.21,0
14866,10,134,20803.72,87.92,74.7,98.41,90.2,1
14867,185,137,2952.06,40.31,75.26,79.99,72.71,1
14868,3,211,4184.01,95.6,83.93,86.24,87.0,1
14869,8,239,2804.24,90.45,86.37,79.0,82.78,1
14870,261,65,1838.95,33.69,56.46,70.15,60.85,1
14871,3,192,1258.97,95.6,82.22,60.54,71.87,1
14872,483,43,816.6,12.59,44.73,47.76,41.64,0
14873,210,49,854.13,38.11,48.49,49.23,47.36,0
14874,535,6,116.18,9.85,6.46,5.3,6.3,0
14875,107,89,2862.4,48.55,65.09,79.39,70.76,1
14876,521,13,256.7,10.48,15.88,18.03,16.3,0
14877,418,61,437.0,18.56,54.63,31.72,36.16,0
14878,12,361,4105.24,85.84,92.4,86.02,87.78,1
14879,684,27,185.06,2.0,31.64,11.96,15.98,0
14880,77,46,706.19,53.85,46.68,43.66,46.04,1
14881,19,17,255.4,80.0,20.78,17.93,28.04,0
14882,26,65,3628.15,74.47,56.46,83.95,74.83,1
14883,18,53,761.59,80.97,50.85,45.51,52.32,1
14884,669,8,120.6,2.66,9.04,5.57,6.1,0
14885,131,31,1598.12,45.72,35.52,66.56,54.74,1
14886,252,18,364.8,34.51,22.05,26.66,26.55,0
14887,79,6,1862.0,53.08,6.46,70.47,49.94,0
14888,207,20,369.2,38.22,24.59,26.88,27.94,0
14889,336,10,135.9,28.22,11.83,7.14,11.62,0
14890,253,57,817.25,34.38,52.73,47.8,47.17,0
14891,148,63,1106.73,44.16,55.62,56.92,54.64,1
14892,690,13,202.35,1.74,15.88,13.41,12.35,0
14893,9,106,1809.61,89.18,69.4,69.65,72.51,1
14894,85,46,1492.81,51.9,46.68,64.92,57.86,1
14895,7,899,25119.54,91.75,98.48,98.77,97.64,1
14896,204,248,2092.42,38.47,86.86,73.1,71.76,1
14897,7,127,3140.54,91.75,73.5,81.24,80.65,1
14898,23,277,3507.81,76.96,88.67,83.46,83.94,1
14899,395,126,1384.88,21.91,73.33,63.14,59.81,1
14900,522,1,13.92,10.41,0.86,0.22,1.93,0
14901,11,133,2289.65,86.73,74.49,75.02,76.63,1
14902,25,59,1035.62,75.21,53.67,55.06,57.69,1
14903,21,347,2810.63,79.01,91.86,79.08,82.65,1
14904,2,133,1640.64,97.17,74.49,67.26,73.77,1
14905,157,78,1971.39,43.1,61.39,71.74,64.54,1
14907,3,268,6165.79,95.6,88.17,91.34,91.09,1
14908,74,14,381.9,54.56,17.13,27.8,28.83,0
14909,437,80,1404.68,15.68,62.26,63.4,55.92,0
14910,2,30,434.35,97.17,34.62,31.58,42.27,1
14911,1,10909,276654.61,98.82,99.98,99.95,99.79,2
14912,16,62,1849.58,83.19,55.13,70.37,68.02,1
14913,35,247,4073.13,69.46,86.82,85.85,83.66,1
14915,91,90,1811.25,50.79,65.35,69.7,65.65,1
14916,70,134,3042.95,56.27,74.7,80.57,75.28,1
14917,596,29,1123.75,6.37,33.69,57.37,43.09,0
14918,115,141,5955.81,47.45,76.03,90.96,80.25,1
14919,539,13,359.35,9.7,15.88,26.2,20.83,0
14920,212,97,1607.17,37.81,67.32,66.7,62.54,1
14921,30,78,1316.07,72.08,61.39,62.03,63.36,1
14922,393,50,843.74,22.47,49.13,48.82,44.95,0
14923,50,44,749.1,63.46,45.43,45.27,48.04,1
14924,245,31,931.01,35.05,35.52,51.67,44.66,0
14926,381,3,359.4,24.44,3.06,26.21,19.46,0
14927,396,20,308.2,21.65,24.59,21.72,22.51,0
14928,627,21,223.91,4.69,25.62,15.35,16.62,0
14929,32,34,836.69,70.68,37.94,48.55,48.9,1
14930,108,278,5246.63,48.37,88.75,89.49,83.11,1
14931,4,38,864.68,93.99,41.08,49.5,53.82,1
14932,365,30,879.66,27.19,34.62,49.97,42.25,0
14933,443,4,1770.0,15.29,4.04,69.1,42.81,0
14934,81,183,3403.5,52.55,81.54,82.83,77.92,1
14935,297,26,2849.83,30.77,30.75,79.31,58.43,0
14936,33,527,12410.81,70.06,95.8,96.67,92.43,1
14937,56,34,1621.88,61.2,37.94,66.95,57.97,1
14938,562,71,2322.43,8.3,58.95,75.38,60.72,0
14940,417,32,531.49,18.74,36.31,36.16,33.59,0
14941,578,7,182.1,7.43,7.81,11.76,10.0,0
14942,401,19,746.56,20.99,23.43,45.22,35.48,0
14943,663,5,107.62,2.98,5.13,4.14,4.24,0
14944,29,301,9684.67,72.9,89.92,95.22,90.38,1
14945,413,11,179.4,19.35,13.32,11.57,13.23,0
14946,14,3,100.9,85.13,3.06,3.52,15.63,0
14947,72,54,1049.79,55.35,51.38,55.33,54.23,1
14948,23,63,1101.97,76.96,55.62,56.81,59.5,1
14949,469,27,515.0,13.54,31.64,35.46,31.1,0
14950,19,19,371.2,80.0,23.43,27.02,33.96,0
14951,79,20,311.69,53.08,24.59,22.15,27.47,0
14952,59,307,17629.35,59.82,90.22,98.1,90.15,1
14953,25,238,1011.27,75.21,86.26,54.22,66.34,1
14954,12,116,503.44,85.84,71.39,34.95,52.78,1
14955,732,30,163.77,0.58,34.62,10.03,15.5,0
14956,421,4,1325.0,18.19,4.04,62.13,39.28,0
14957,253,27,333.29,34.38,31.64,24.16,27.79,0
14958,147,71,957.94,44.28,58.95,52.75,53.22,1
14959,64,58,695.42,58.01,53.2,43.3,48.28,1
14960,8,23,221.27,90.45,27.7,15.19,29.98,0
14961,10,670,16410.15,87.92,97.18,97.78,96.13,1
14962,270,14,366.91,32.67,17.13,26.81,24.98,0
14963,9,457,3164.48,89.18,94.67,81.48,86.33,1
14964,247,13,206.21,34.81,15.88,13.84,17.56,0
14965,96,80,599.0,49.81,62.26,39.2,47.25,1
14966,14,146,1115.84,85.13,76.79,57.14,66.84,1
14967,49,29,1982.61,63.98,33.69,71.87,60.0,1
14968,30,83,501.24,72.08,63.25,34.88,48.4,1
14969,703,13,906.23,1.54,15.88,50.7,33.58,0
14970,68,113,4919.35,56.5,70.87,88.81,78.94,1
14971,35,150,1116.57,69.46,77.33,57.16,64.65,1
14972,128,20,145.07,46.13,24.59,8.03,18.38,0
14973,107,32,1314.45,48.55,36.31,61.98,52.78,1
14974,37,17,114.39,68.33,20.78,5.04,18.94,0
14975,57,26,472.39,60.75,30.75,33.53,36.83,0
14976,57,70,774.86,60.75,58.52,45.93,51.68,1
14977,725,4,31.93,1.12,4.04,0.56,1.62,0
14978,72,288,3142.14,55.35,89.17,81.27,79.6,1
14979,735,42,439.46,0.35,43.97,31.9,30.55,0
14980,737,24,150.68,0.14,28.77,8.6,12.97,0
14981,246,22,372.92,34.92,26.64,27.19,28.19,0
14982,572,38,234.88,7.81,41.08,16.39,22.01,0
14983,689,30,183.2,1.8,34.62,11.81,16.69,0
14984,19,54,1271.41,80.0,51.38,60.87,61.08,1
14985,198,82,296.75,39.0,62.96,20.51,35.17,0
14986,376,96,566.9,25.42,67.09,37.93,44.22,0
14987,15,15,1713.85,84.24,18.32,68.35,56.73,1
14988,211,231,2066.6,37.99,85.74,72.85,71.23,1
14989,661,18,342.4,3.09,22.05,24.78,20.76,0
14990,612,42,305.42,5.48,43.97,21.27,25.26,0
14991,430,21,314.67,16.82,25.62,22.42,22.48,0
14992,442,27,210.5,15.4,31.64,14.22,19.27,0
14993,563,9,36.13,8.21,10.38,0.7,4.54,0
14994,382,288,956.68,24.17,89.17,52.67,58.61,1
14995,38,60,233.23,67.87,54.17,16.2,34.58,0
14996,481,38,442.29,12.64,41.08,32.02,31.65,0
14997,46,38,776.6,64.59,41.08,46.1,47.47,1
14998,170,123,770.73,41.9,72.69,45.78,52.73,1
14999,592,9,129.48,6.62,10.38,6.37,7.53,0
15000,47,76,490.52,64.23,60.77,34.21,46.15,1
15001,394,43,228.86,22.21,44.73,15.72,24.82,0
15002,115,331,4817.28,47.45,91.17,88.45,83.06,1
15003,473,327,1060.7,13.16,91.05,55.62,59.17,1
15004,147,153,1245.93,44.28,77.75,60.29,62.78,1
15005,15,2331,14104.2,84.24,99.76,97.3,96.03,1
15006,51,167,820.19,62.88,79.69,47.9,59.05,1
15007,159,12,156.91,42.89,14.64,9.19,15.77,0
15008,480,12,360.0,12.71,14.64,26.3,20.99,0
15009,12,178,1261.78,85.84,81.02,60.68,70.15,1
15010,35,20,308.94,69.46,24.59,21.77,29.71,0
15011,395,20,416.6,21.91,24.59,30.33,27.46,0
15012,53,182,860.62,61.89,81.45,49.42,60.26,1
15013,487,322,1641.3,12.34,90.87,67.28,65.64,1
15014,43,29,260.17,65.96,33.69,18.34,29.78,0
15015,501,290,2354.52,11.59,89.29,75.62,69.84,1
15016,172,104,630.3,41.69,68.94,40.69,48.75,1
15017,33,20,125.58,70.06,24.59,6.05,20.84,0
15018,38,31,607.46,67.87,35.52,39.75,42.78,0
15019,266,64,266.0,33.13,56.05,18.52,31.22,0
15020,379,27,203.42,24.95,31.64,13.5,20.3,0
15021,8,608,2783.83,90.45,96.71,78.88,85.61,1
15022,11,131,1186.09,86.73,74.24,58.87,67.35,1
15023,3,937,12147.53,95.6,98.58,96.51,96.96,1
15024,9,312,4075.51,89.18,90.46,85.89,87.66,1
15025,33,137,1005.14,70.06,75.26,54.02,62.37,1
15026,80,135,1056.81,52.83,74.91,55.47,60.51,1
15027,30,90,3195.6,72.08,65.35,81.7,75.68,1
15028,8,101,1157.71,90.45,68.21,58.13,65.8,1
15029,619,10,365.1,5.26,11.83,26.69,19.32,0
15030,71,33,1979.91,55.84,37.08,71.79,59.68,1
15031,4,389,3156.58,93.99,93.35,81.43,86.65,1
15032,256,93,13780.65,34.09,66.3,97.15,79.05,1
15033,4,480,2583.37,93.99,95.08,77.53,84.91,1
15034,15,744,8313.4,84.24,97.72,94.02,93.59,1
15035,89,26,252.73,50.98,30.75,17.77,26.39,0
15036,72,115,465.55,55.35,71.21,33.15,47.14,1
15037,376,40,402.51,25.42,42.53,29.39,32.47,0
15038,58,230,1309.86,60.26,85.55,61.86,68.25,1
15039,9,2658,40031.43,89.18,99.81,99.32,97.93,1
15040,541,1,7.49,9.49,0.86,0.12,1.73,0
15041,170,100,293.6,41.9,67.96,20.25,36.86,0
15042,199,9,315.45,38.89,10.38,22.47,21.55,0
15043,31,49,2858.8,71.35,48.49,79.36,69.51,1
15044,19,864,15949.19,80.0,98.27,97.62,95.16,1
15045,151,12,735.66,43.83,14.64,44.82,36.22,0
15046,9,389,7793.44,89.18,93.35,93.47,92.79,1
15047,269,22,343.62,32.74,26.64,24.88,26.55,0
15048,65,94,482.75,57.51,66.55,33.9,46.58,1
15049,273,3,121.17,32.59,3.06,5.62,8.95,0
15050,25,140,4193.79,75.21,75.82,86.3,81.7,1
15051,23,279,3935.16,76.96,88.82,85.36,85.07,1
15052,319,27,215.78,29.15,31.64,14.61,21.56,0
15053,4,67,697.79,93.99,57.27,43.4,54.88,1
15054,12,112,302.1,85.84,70.74,20.97,44.63,1
15055,474,77,560.07,13.1,61.07,37.61,40.5,0
15056,520,6,133.45,10.57,6.46,6.78,7.26,0
15057,275,70,3255.96,32.37,58.52,82.02,67.99,1
15058,25,336,3410.03,75.21,91.36,82.89,84.11,1
15059,40,581,3522.77,66.89,96.41,83.54,84.65,1
15060,8,110,301.84,90.45,70.32,20.92,45.18,1
15061,3,897,137817.07,95.6,98.46,99.83,98.81,2
15062,71,159,2585.62,55.84,78.67,77.55,74.61,1
15063,213,5,370.8,37.68,5.13,26.98,22.47,0
15064,410,79,1154.41,19.75,61.81,58.01,53.34,0
15065,37,166,3326.86,68.33,79.48,82.42,79.48,1
15066,53,42,893.59,61.89,43.97,50.31,50.27,1
15067,78,177,3877.88,53.46,80.86,85.15,79.2,1
15068,46,216,1176.85,64.59,84.35,58.58,66.7,1
15069,179,70,1109.53,40.88,58.52,57.01,55.02,1
15070,372,32,843.25,26.46,36.31,48.8,41.95,0
15071,93,54,1455.56,50.41,51.38,64.49,58.71,1
15072,479,13,187.52,12.77,15.88,12.18,13.31,0
15073,9,159,2788.02,89.18,78.67,78.9,80.38,1
15074,105,72,1566.33,49.0,59.38,66.03,61.61,1
15075,77,27,773.03,53.85,31.64,45.83,43.06,0
15076,172,80,1447.74,41.69,62.26,64.32,60.35,1
15077,494,32,2428.08,11.95,36.31,76.28,55.44,0
15078,7,770,17751.88,91.75,97.93,98.14,97.12,1
15079,212,141,3767.35,37.81,76.03,84.64,75.21,1
15080,427,31,546.25,17.36,35.52,37.0,33.64,0
15081,22,101,1965.72,78.0,68.21,71.65,71.64,1
15082,668,6,93.35,2.74,6.46,3.14,4.01,0
15083,256,5,88.2,34.09,5.13,2.82,8.16,0
15084,379,31,965.2,24.95,35.52,52.96,43.87,0
15085,729,9,347.54,0.89,10.38,25.14,17.37,0
15086,564,11,218.53,8.13,13.32,14.94,13.46,0
15087,281,15,306.94,31.88,18.32,21.45,22.13,0
15088,21,57,1160.07,79.01,52.73,58.25,59.82,1
15089,10,145,2420.84,87.92,76.67,76.14,78.06,1
15090,308,23,381.32,30.14,27.7,27.77,28.1,0
15091,67,57,1046.61,56.72,52.73,55.21,54.74,1
15092,215,45,776.46,37.46,46.1,46.09,44.8,0
15093,18,315,14326.11,80.97,90.64,97.33,93.0,1
15094,463,5,83.0,13.95,5.13,2.67,5.05,0
15095,103,124,3141.64,49.13,72.87,81.25,74.09,1
15096,42,11,219.39,66.38,13.32,14.99,22.23,0
15097,4,65,908.35,93.99,56.46,50.75,58.84,1
15098,182,3,39916.5,40.71,3.06,99.28,63.55,1
15099,84,23,410.48,52.17,27.7,29.9,32.63,0
15100,333,16,2894.7,28.37,19.57,79.65,55.14,0
15101,8,58,1477.94,90.45,53.2,64.75,65.37,1
15102,530,27,554.67,10.06,31.64,37.44,31.71,0
15103,31,35,703.36,71.35,38.89,43.57,46.43,1
15104,196,67,1027.44,39.28,57.27,54.75,53.14,1
15105,18,151,3094.91,80.97,77.45,80.93,79.96,1
15106,17,100,1422.52,82.05,67.96,63.79,67.7,1
15107,311,42,940.35,29.8,43.97,51.95,46.39,0
15108,141,57,1159.25,44.7,52.73,58.22,54.66,1
15109,245,48,983.1,35.05,47.9,53.38,49.1,0
15110,23,53,1505.85,76.96,50.85,65.04,62.85,1
15111,29,135,2730.87,72.9,74.91,78.43,76.62,1
15112,611,7,209.4,5.54,7.81,14.09,11.05,0
15113,9,92,3608.94,89.18,65.96,83.85,79.64,1
15114,30,231,3400.12,72.08,85.74,82.79,82.01,1
15115,18,35,531.85,80.97,38.89,36.18,43.66,1
15116,17,45,1352.75,82.05,46.1,62.53,60.85,1
15117,14,131,2485.97,85.13,74.24,76.76,77.31,1
15118,134,1,244.8,45.38,0.86,17.19,16.85,0
15119,245,14,266.4,35.05,17.13,18.57,20.64,0
15120,133,21,358.82,45.58,25.62,26.16,28.92,0
15121,50,28,457.72,63.46,32.66,32.83,37.38,0
15122,114,227,4497.47,47.58,85.31,87.51,80.9,1
15123,7,183,4656.17,91.75,81.54,88.07,86.79,1
15124,22,31,450.82,78.0,35.52,32.48,40.16,0
15125,25,240,17024.87,75.21,86.45,97.92,91.3,1
15126,536,25,449.49,9.8,29.8,32.37,28.26,0
15127,65,28,711.5,57.51,32.66,43.88,42.78,0
15128,60,123,1783.68,59.32,72.69,69.36,68.79,1
15129,50,207,6860.18,63.46,83.74,92.62,85.76,1
15130,169,22,330.11,42.07,26.64,23.86,27.37,0
15131,394,7,80.28,22.21,7.81,2.43,6.9,0
15132,18,52,977.93,80.97,50.28,53.25,56.57,1
15133,127,49,1806.9,46.32,48.49,69.63,60.22,1
15134,14,85,1596.29,85.13,63.91,66.51,68.57,1
15135,239,20,305.68,35.63,24.59,21.34,24.4,0
15136,2,68,1286.7,97.17,57.72,61.3,65.68,1
15137,520,34,823.4,10.57,37.94,48.0,39.57,0
15138,393,31,502.52,22.47,35.52,34.93,33.22,0
15139,239,13,178.96,35.63,15.88,11.48,16.34,0
15140,52,112,3243.69,62.42,70.74,81.95,75.88,1
15141,457,80,1388.47,14.35,62.26,63.24,55.63,0
15142,46,142,2619.92,64.59,76.2,77.87,75.41,1
15143,225,31,563.63,36.71,35.52,37.8,37.0,0
15144,8,349,12160.31,90.45,91.93,96.53,94.33,1
15145,4,67,1194.73,93.99,57.27,59.07,63.81,1
15146,164,91,1327.16,42.46,65.62,62.17,60.18,1
15147,240,28,623.5,35.49,32.66,40.45,37.53,0
15148,10,20,301.29,87.92,24.59,20.86,31.97,0
15149,133,68,1524.61,45.58,57.72,65.45,60.3,1
15150,17,573,9001.08,82.05,96.33,94.58,93.19,1
15151,423,57,2085.61,17.81,52.73,73.03,59.07,0
15152,9,300,5263.83,89.18,89.86,89.56,89.59,1
15153,31,22,329.25,71.35,26.64,23.75,31.7,0
15154,75,167,1388.41,54.19,79.69,63.23,66.48,1
15155,383,24,383.97,23.97,28.77,27.99,27.6,0
15156,1,55,961.49,98.82,51.85,52.85,59.47,1
15157,3,152,2654.11,95.6,77.61,78.14,80.61,1
15158,45,11,606.02,65.05,13.32,39.66,36.09,0
15159,1,810,22116.73,98.82,98.04,98.56,98.46,1
15160,357,23,589.27,27.87,27.7,38.84,34.08,0
15161,388,33,119.92,23.15,37.08,5.49,16.98,0
15162,731,12,312.9,0.69,14.64,22.23,16.87,0
15163,18,29,304.47,80.97,33.69,21.21,33.67,0
15164,68,344,2068.92,56.5,91.71,72.86,75.69,1
15165,373,27,975.5,26.17,31.64,53.18,43.1,0
15166,467,12,167.16,13.62,14.64,10.36,12.04,0
15167,320,297,1659.67,29.07,89.64,67.41,67.88,1
15168,25,5,106.56,75.21,5.13,4.0,15.0,0
15169,382,58,569.22,24.17,53.2,38.07,40.22,0
15170,406,4,81.15,20.44,4.04,2.51,5.63,0
15171,331,5,1289.5,28.53,5.13,61.35,40.68,0
15172,8,110,1624.05,90.45,70.32,67.0,71.45,1
15173,380,86,1494.6,24.69,64.29,64.94,58.72,0
15174,322,34,481.46,29.01,37.94,33.83,34.26,0
15175,71,23,224.14,55.84,27.7,15.4,24.91,0
15176,667,52,988.04,2.83,50.28,53.54,45.02,0
15177,425,26,948.93,17.51,30.75,52.43,41.12,0
15178,260,3,40.5,33.86,3.06,0.85,6.42,0
15179,18,314,7491.92,80.97,90.56,93.2,90.63,1
15180,367,52,904.43,26.89,50.28,50.65,46.98,0
15181,66,20,1200.2,57.08,24.59,59.28,49.24,1
15182,154,123,2998.95,43.61,72.69,80.31,72.67,1
15183,547,38,639.93,9.13,41.08,41.08,36.29,0
15184,29,84,689.95,72.9,63.56,43.22,53.36,1
15185,70,21,310.62,56.27,25.62,21.98,28.14,0
15186,14,52,1403.2,85.13,50.28,63.36,62.97,1
15187,1,90,4762.18,98.82,65.35,88.4,83.51,1
15188,725,23,310.43,1.12,27.7,21.91,20.41,0
15189,1,241,17524.38,98.82,86.53,98.07,94.95,1
15190,434,40,834.44,16.2,42.53,48.44,41.95,0
15191,463,35,588.05,13.95,38.89,38.81,35.1,0
15192,119,91,1981.39,47.04,65.62,71.84,66.38,1
15193,60,19,499.32,59.32,23.43,34.74,35.26,0
15194,3,476,12427.69,95.6,95.03,96.68,96.06,1
15195,2,1,3861.0,97.17,0.86,85.06,63.3,1
15196,432,40,316.25,16.44,42.53,22.52,27.21,0
15197,10,59,1877.51,87.92,53.67,70.54,68.42,1
15198,92,31,571.35,50.58,35.52,38.28,39.35,0
15199,59,51,3122.4,59.82,49.74,81.17,69.17,1
15200,494,30,549.05,11.95,34.62,37.2,32.69,0
15201,87,100,1842.95,51.47,67.96,70.3,66.82,1
15203,25,343,4400.18,75.21,91.65,87.12,86.6,1
15204,357,9,316.58,27.87,10.38,22.57,19.95,0
15205,85,37,653.24,51.9,40.31,41.49,42.72,0
15206,10,9,420.3,87.92,10.38,30.69,33.59,0
15207,416,24,683.92,18.91,28.77,42.86,35.32,0
15208,1,48,970.52,98.82,47.9,53.04,58.47,1
15209,730,13,178.98,0.78,15.88,11.5,11.12,0
15210,225,67,1176.19,36.71,57.27,58.54,54.91,1
15211,60,52,1277.48,59.32,50.28,61.07,57.79,1
15212,241,10,208.28,35.39,11.83,13.98,16.59,0
15213,318,24,328.35,29.28,28.77,23.63,25.92,0
15214,1,110,1661.44,98.82,70.32,67.43,72.95,1
15215,46,113,2422.43,64.59,70.87,76.18,72.96,1
15216,87,24,486.09,51.47,28.77,33.99,35.15,0
15217,563,28,426.24,8.21,32.66,31.03,28.07,0
15218,10,388,11501.57,87.92,93.32,96.24,94.17,1
15219,176,26,685.45,41.25,30.75,42.94,39.27,0
15220,51,117,1778.96,62.88,71.56,69.24,68.94,1
15221,366,29,2465.45,27.02,33.69,76.52,57.1,0
15222,318,138,3550.91,29.28,75.47,83.61,73.18,1
15223,225,34,1417.95,36.71,37.94,63.64,52.4,0
15224,358,35,871.36,27.77,38.89,49.69,43.38,0
15225,234,23,409.4,36.14,27.7,29.85,30.19,0
15226,310,8,154.41,29.95,9.04,8.95,12.13,0
15227,36,120,2488.49,68.89,72.09,76.78,74.28,1
15228,66,234,5580.27,57.08,86.03,90.14,84.03,1
15229,586,9,160.5,6.98,10.38,9.6,9.43,0
15230,239,23,429.6,35.63,27.7,31.29,30.93,0
15231,621,14,250.26,5.11,17.13,17.57,15.58,0
15232,113,31,612.06,47.75,35.52,39.9,39.85,0
15233,401,1,59.4,20.99,0.86,1.38,4.17,0
15234,276,14,197.0,32.26,17.13,13.04,17.07,0
15235,217,178,2937.81,37.33,81.02,79.9,73.83,1
15236,298,15,321.05,30.7,18.32,23.0,22.84,0
15237,1,99,1412.32,98.82,67.73,63.53,70.0,1
15238,29,50,1071.99,72.9,49.13,55.95,56.58,1
15239,10,49,780.59,87.92,48.49,46.36,53.19,1
15240,44,224,4459.98,65.48,85.06,87.39,83.45,1
15241,66,184,3050.16,57.08,81.59,80.6,77.35,1
15242,422,4,302.04,18.02,4.04,20.95,15.78,0
15243,74,61,927.28,54.56,54.63,51.57,52.88,1
15244,65,48,912.08,57.51,47.9,50.91,51.05,1
15245,134,148,4610.84,45.38,77.02,87.94,78.5,1
15246,238,51,780.4,35.78,49.74,46.33,45.7,0
15247,122,17,976.06,46.77,20.78,53.21,43.16,0
15248,411,106,1893.93,19.55,69.4,70.78,62.71,1
15249,31,502,9266.0,71.35,95.49,94.82,91.49,1
15250,640,3,60.0,4.09,3.06,1.45,2.3,0
15251,9,230,20324.54,89.18,85.55,98.36,93.4,1
15252,36,118,2103.41,68.89,71.73,73.27,72.18,1
15253,16,116,2055.09,83.19,71.39,72.71,73.91,1
15254,127,67,1088.35,46.32,57.27,56.44,55.16,1
15255,66,187,3729.42,57.08,81.78,84.43,79.59,1
15256,148,10,170.4,44.16,11.83,10.67,16.02,0
15257,283,12,685.9,31.65,14.64,42.96,33.33,0
15258,168,34,623.16,42.2,37.94,40.41,39.99,0
15259,512,57,1182.38,10.92,52.73,58.77,49.9,0
15260,100,381,9188.23,49.37,93.11,94.75,87.49,1
15261,135,92,1508.0,45.23,65.96,65.09,62.35,1
15262,323,26,418.82,28.93,30.75,30.54,30.36,0
15263,106,12,156.51,48.79,14.64,9.07,16.59,0
15264,64,55,848.4,58.01,51.85,49.03,51.16,1
15265,151,193,3345.64,43.83,82.37,82.55,76.69,1
15266,338,45,852.21,28.11,46.1,49.18,45.16,0
15267,22,11,1717.36,78.0,13.32,68.4,54.42,1
15268,478,22,961.9,12.82,26.64,52.87,39.52,0
15269,23,35,1225.36,76.96,38.89,59.86,56.55,1
15270,15,166,8524.86,84.24,79.48,94.22,88.6,1
15271,7,547,4709.54,91.75,96.02,88.24,90.95,1
15272,57,283,2085.48,60.75,88.94,73.02,75.64,1
15273,599,1,228.96,6.1,0.86,15.76,10.14,0
15274,4,47,716.57,93.99,47.28,44.09,52.47,1
15275,37,41,615.14,68.33,43.2,40.16,45.23,1
15276,66,166,649.53,57.08,79.48,41.35,54.39,1
15277,46,26,476.34,64.59,30.75,33.71,37.52,0
15278,561,29,496.16,8.41,33.69,34.54,30.38,0
15279,354,94,1580.54,27.95,66.55,66.29,60.61,1
15280,172,59,406.22,41.69,53.67,29.7,38.21,0
15281,58,522,8543.57,60.26,95.74,94.24,89.56,1
15282,570,27,348.59,7.9,31.64,25.22,24.42,0
15283,390,9,148.33,22.82,10.38,8.34,11.08,0
15284,500,1,24.75,11.71,0.86,0.39,2.22,0
15285,407,6,94.92,20.28,6.46,3.25,6.7,0
15286,49,3,240.55,63.98,3.06,16.8,20.03,0
15287,22,36,856.03,78.0,39.65,49.33,50.92,1
15288,43,150,3874.28,65.96,77.33,85.12,80.06,1
15289,29,97,1593.09,72.9,67.32,66.42,67.64,1
15290,4,292,10496.28,93.99,89.38,95.78,93.72,1
15291,25,243,13801.56,75.21,86.6,97.16,90.91,1
15292,201,24,180.94,38.7,28.77,11.67,20.51,0
15293,665,19,247.5,2.95,23.43,17.41,16.93,0
15294,410,15,233.35,19.75,18.32,16.23,17.35,0
15295,654,50,217.24,3.39,49.13,14.78,22.69,0
15296,50,534,10342.83,63.46,95.9,95.73,90.94,1
15297,10,39,641.94,87.92,41.83,41.2,48.38,1
15298,2,425,9459.37,97.17,94.14,95.03,95.1,1
15299,67,9,7391.54,56.72,10.38,93.1,64.48,1
15300,64,28,496.44,58.01,32.66,34.55,37.54,0
15301,50,345,7603.44,63.46,91.75,93.28,88.38,1
15302,730,15,308.0,0.78,18.32,21.68,17.61,0
15303,290,69,1224.18,31.13,58.13,59.84,55.06,0
15304,60,24,919.55,59.32,28.77,51.25,46.16,0
15305,555,5,93.6,8.61,5.13,3.16,4.53,0
15306,64,162,3484.73,58.01,78.96,83.41,78.35,1
15307,95,12,205.3,50.05,14.64,13.7,19.42,0
15308,274,19,310.47,32.48,23.43,21.92,23.93,0
15309,610,54,797.96,5.63,51.38,47.14,42.1,0
15310,478,45,1634.64,12.82,46.1,67.14,53.1,0
15311,0,4287,116476.16,100.0,99.91,99.79,99.86,2
15312,75,163,2930.19,54.19,79.1,79.87,75.8,1
15313,110,1,52.0,48.1,0.86,1.17,8.12,0
15314,199,50,820.45,38.89,49.13,47.92,46.9,0
15315,64,37,570.5,58.01,40.31,38.17,41.74,0
15316,326,1,165.0,28.74,0.86,10.2,10.37,0
15317,677,5,129.75,2.33,5.13,6.42,5.44,0
15318,3,33,312.62,95.6,37.08,22.2,37.38,1
15319,283,16,204.5,31.65,19.57,13.64,18.0,0
15320,44,36,267.13,65.48,39.65,18.66,31.56,0
15321,70,309,6709.73,56.27,90.31,92.34,86.36,1
15322,85,83,1390.86,51.9,63.25,63.28,61.56,1
15323,562,29,434.6,8.3,33.69,31.6,28.69,0
15324,701,8,140.22,1.56,9.04,7.64,7.12,0
15325,103,221,1602.01,49.13,84.8,66.63,69.09,1
15326,333,129,1700.52,28.37,73.91,68.03,63.73,1
15327,52,10,208.75,62.42,11.83,14.05,20.68,0
15328,407,8,107.24,20.28,9.04,4.08,7.9,0
15329,39,154,2984.33,67.44,77.91,80.18,77.63,1
15330,32,13,714.96,70.68,15.88,44.04,40.15,0
15331,499,44,767.91,11.81,45.43,45.69,40.54,0
15332,366,154,6553.74,27.02,77.91,92.0,78.31,1
15333,208,16,1028.56,38.17,19.57,54.8,42.44,0
15334,156,95,348.72,43.29,66.82,25.24,39.59,0
15335,53,34,173.97,61.89,37.94,10.95,26.15,0
15336,401,15,240.5,20.99,18.32,16.78,17.84,0
15337,411,21,373.02,19.55,25.62,27.22,25.62,0
15338,677,56,283.43,2.33,52.27,19.6,26.16,0
15339,66,214,1827.84,57.08,84.18,70.06,72.07,1
15340,561,7,105.5,8.41,7.81,3.88,5.66,0
15341,80,24,2402.72,52.83,28.77,76.01,59.3,1
15342,129,24,406.09,45.96,28.77,29.68,31.87,0
15343,87,21,364.5,51.47,25.62,26.62,30.07,0
15344,0,26,563.94,100.0,30.75,37.82,45.17,1
15345,45,20,393.54,65.05,24.59,28.79,33.05,0
15346,332,37,596.12,28.45,40.31,39.06,37.82,0
15347,366,36,1363.6,27.02,39.65,62.75,50.92,0
15348,72,9,158.04,55.35,10.38,9.36,16.55,0
15349,158,70,473.81,42.97,58.52,33.61,41.99,0
15350,373,30,663.25,26.17,34.62,42.02,37.57,0
15351,12,304,3738.29,85.84,90.0,84.47,86.22,1
15352,548,34,114.95,9.05,37.94,5.16,14.92,0
15353,254,351,3175.95,34.27,92.09,81.58,77.42,1
15355,29,14,277.05,72.9,17.13,19.19,26.67,0
15356,31,656,3464.95,71.35,97.08,83.27,85.35,1
15358,4,1089,17050.41,93.99,99.11,97.93,97.67,1
15359,662,16,181.35,3.03,19.57,11.71,12.61,0
15360,39,13,427.93,67.44,15.88,31.17,32.33,0
15361,361,10,689.07,27.51,11.83,43.15,32.03,0
15362,448,40,613.08,14.99,42.53,40.0,36.96,0
15363,372,35,1004.11,26.46,38.89,53.96,45.62,0
15364,95,29,913.19,50.05,33.69,50.96,45.99,0
15365,25,218,4557.13,75.21,84.53,87.71,84.95,1
15366,75,138,2389.08,54.19,75.47,75.87,72.51,1
15367,57,279,5081.33,60.75,88.82,89.08,84.76,1
15368,21,8,722.74,79.01,9.04,44.36,39.67,0
15369,492,59,6251.26,12.08,53.67,91.4,68.94,1
15370,40,143,3739.01,66.89,76.35,84.48,79.57,1
15371,662,1,59.4,3.03,0.86,1.38,1.48,0
15372,137,57,6017.06,45.1,52.73,91.08,73.45,1
15373,8,187,3421.39,90.45,81.78,82.98,83.77,1
15374,128,9,307.32,46.13,10.38,21.53,22.1,0
15375,690,6,60.96,1.74,6.46,1.49,2.92,0
15376,40,115,1233.36,66.89,71.21,60.06,64.21,1
15377,382,21,1211.75,24.17,25.62,59.54,44.74,0
15378,462,12,246.5,14.1,14.64,17.3,16.08,0
15379,169,263,4877.84,42.07,87.83,88.64,81.43,1
15380,8,52,3479.06,90.45,50.28,83.36,75.16,1
15381,213,24,1890.57,37.68,28.77,70.73,54.02,0
15382,14,632,13733.55,85.13,96.89,97.13,95.26,1
15384,169,118,2027.79,42.07,71.73,72.33,67.62,1
15385,40,21,942.08,66.89,25.62,52.07,46.89,1
15386,186,31,394.14,40.15,35.52,28.83,32.4,0
15387,492,20,468.65,12.08,24.59,33.34,27.7,0
15388,270,10,140.54,32.67,11.83,7.67,12.59,0
15389,172,6,2733.8,41.69,6.46,78.45,52.78,0
15390,396,77,1216.66,21.65,61.07,59.71,54.38,0
15391,584,12,289.87,7.04,14.64,20.04,16.58,0
15392,4,144,2911.62,93.99,76.51,79.77,80.99,1
15393,16,44,891.34,83.19,45.43,50.26,53.84,1
15394,9,227,5286.8,89.18,85.31,89.58,88.32,1
15395,325,7,107.45,28.82,7.81,4.12,8.86,0
15396,112,16,796.38,47.93,19.57,47.06,39.5,0
15397,289,6,94.0,31.22,6.46,3.2,8.31,0
15398,16,73,1345.53,83.19,59.71,62.42,64.78,1
15399,1,50,815.77,98.82,49.13,47.73,55.78,1
15400,92,27,1302.3,50.58,31.64,61.62,51.57,1
15401,452,14,216.95,14.69,17.13,14.73,15.4,0
15402,148,129,1830.12,44.16,73.91,70.1,67.27,1
15403,491,8,170.88,12.19,9.04,10.71,10.47,0
15404,375,16,257.06,25.68,19.57,18.06,19.63,0
15405,189,30,659.84,39.9,34.62,41.81,39.51,0
15406,31,119,975.87,71.35,71.93,53.2,61.17,1
15407,33,146,1056.44,70.06,76.79,55.45,63.62,1
15408,264,34,267.18,33.29,37.94,18.69,26.27,0
15409,721,9,131.25,1.48,10.38,6.57,6.87,0
15410,84,162,4685.72,52.17,78.96,88.21,80.21,1
15411,26,97,1358.88,74.47,67.32,62.63,65.72,1
15412,171,10,190.53,41.81,11.83,12.53,16.72,0
15413,691,25,6798.72,1.71,29.8,92.53,61.34,0
15414,9,39,774.9,89.18,41.83,45.97,51.29,1
15415,313,46,572.81,29.57,46.68,38.36,39.37,0
15416,64,228,4572.82,58.01,85.41,87.8,82.66,1
15417,85,28,508.8,51.9,32.66,35.18,36.98,0
15418,425,64,452.32,17.51,56.05,32.59,36.9,0
15419,24,8,135.86,76.03,9.04,7.13,18.0,0
15420,434,56,743.0,16.2,52.27,45.01,42.72,0
15421,58,311,3805.34,60.26,90.4,84.88,82.73,1
15422,323,118,1619.97,28.93,71.73,66.9,62.56,1
15423,38,14,266.89,67.87,17.13,18.63,25.59,0
15424,254,33,597.78,34.27,37.08,39.13,37.83,0
15425,400,140,1944.57,21.21,75.82,71.41,65.12,1
15426,19,417,2615.39,80.0,94.0,77.8,82.67,1
15427,33,273,1483.14,70.06,88.42,64.8,72.2,1
15428,15,44,762.75,84.24,45.43,45.56,51.32,1
15429,26,79,397.35,74.47,61.81,29.05,45.04,1
15430,467,36,954.75,13.62,39.65,52.6,43.13,0
15431,502,2,153.24,11.47,2.16,8.89,7.39,0
15432,23,16,320.76,76.96,19.57,22.98,30.13,0
15433,213,41,533.3,37.68,43.2,36.28,38.43,0
15434,8,134,2567.06,90.45,74.7,77.34,78.57,1
15435,22,29,149.29,78.0,33.69,8.41,25.93,0
15436,12,277,1122.53,85.84,88.67,57.35,70.39,1
15437,262,56,393.45,33.55,52.27,28.78,36.07,0
15438,131,25,156.58,45.72,29.8,9.09,20.38,0
15439,404,57,1269.05,20.61,52.73,60.83,52.53,0
15440,54,60,383.68,61.48,54.17,27.96,40.32,0
15441,396,57,1254.21,21.65,52.73,60.51,52.5,0
15442,248,2,594.0,34.71,2.16,39.0,28.04,0
15443,1,595,5175.93,98.82,96.58,89.34,92.79,1
15444,9,212,1418.26,89.18,84.01,63.67,73.19,1
15445,264,14,284.5,33.29,17.13,19.69,21.01,0
15446,376,105,403.95,25.42,69.17,29.53,40.01,0
15447,330,29,492.88,28.6,33.69,34.35,33.3,0
15448,312,49,788.81,29.67,48.49,46.74,44.67,0
15449,26,60,974.52,74.47,54.17,53.14,56.63,1
15450,30,30,429.84,72.08,34.62,31.32,38.36,0
15451,434,60,233.21,16.2,54.17,16.17,26.81,0
15452,29,192,1799.11,72.9,82.22,69.58,73.62,1
15453,1,264,1388.37,98.82,87.9,63.21,75.46,1
15454,362,37,305.59,27.43,40.31,21.31,27.55,0
15455,597,2,38.25,6.27,2.16,0.77,1.98,0
15456,283,227,2119.27,31.65,85.31,73.43,70.49,1
15457,262,56,237.07,33.55,52.27,16.58,29.12,0
15458,25,13,370.44,75.21,15.88,26.93,31.08,0
15459,417,7,202.83,18.74,7.81,13.47,12.67,0
15460,354,53,216.76,27.95,50.85,14.71,26.82,0
15461,460,2,429.7,14.2,2.16,31.31,20.58,0
15462,94,41,737.05,50.29,43.2,44.87,45.22,0
15463,29,7,126.14,72.9,7.81,6.17,16.64,0
15464,338,155,1048.85,28.11,78.08,55.28,57.59,1
15465,19,255,12655.65,80.0,87.25,96.79,91.6,1
15466,85,256,1571.01,51.9,87.36,66.13,69.94,1
15467,9,51,524.88,89.18,49.74,35.92,47.78,1
15468,51,80,1430.48,62.88,62.26,64.01,63.35,1
15469,50,43,874.25,63.46,44.73,49.76,50.41,1
15470,575,4,63.42,7.71,4.04,1.62,3.21,0
15471,2,138,1316.56,97.17,75.47,62.05,71.07,1
15472,113,76,371.56,47.75,60.77,27.03,39.59,0
15473,14,14,2046.0,85.13,17.13,72.51,58.89,1
15474,595,19,163.1,6.46,23.43,10.0,13.23,0
15475,77,29,454.11,53.85,33.69,32.69,36.14,0
15476,380,79,2209.98,24.69,61.81,74.2,63.3,1
15477,649,2,368.4,3.59,2.16,26.86,16.46,0
15478,40,67,1982.48,66.89,57.27,71.86,67.03,1
15479,733,9,147.4,0.47,10.38,8.25,7.68,0
15480,116,213,3592.25,47.29,84.09,83.73,78.37,1
15481,401,38,1993.34,20.99,41.08,71.96,55.67,0
15482,15,147,14552.56,84.24,76.88,97.39,89.67,1
15483,161,247,855.06,42.78,86.82,49.3,58.83,1
15484,1,240,4656.0,98.82,86.45,88.06,89.22,1
15485,30,136,5771.51,72.08,75.09,90.7,83.54,1
15486,527,1,102.0,10.3,0.86,3.7,3.9,0
15487,679,14,231.32,2.26,17.13,16.05,14.28,0
15488,92,11,431.92,50.58,13.32,31.39,29.21,0
15489,22,114,2419.61,78.0,71.03,76.13,74.98,1
15490,430,22,217.6,16.82,26.64,14.82,18.43,0
15491,95,154,3100.09,50.05,77.91,80.98,75.48,1
15492,28,35,659.46,73.75,38.89,41.8,45.78,1
15493,32,584,4306.49,70.68,96.45,86.67,87.01,1
15494,21,361,3780.05,79.01,92.4,84.74,86.02,1
15495,379,20,246.5,24.95,24.59,17.3,20.49,0
15496,631,22,146.14,4.48,26.64,8.15,12.78,0
15497,17,121,8657.39,82.05,72.23,94.29,86.28,1
15498,2,940,26039.58,97.17,98.62,98.84,98.53,1
15499,723,40,161.6,1.31,42.53,9.79,17.69,0
15500,8,68,1131.56,90.45,57.72,57.59,62.56,1
15501,404,68,402.5,20.61,57.72,29.37,36.0,0
15502,15,322,10532.52,84.24,90.87,95.83,92.7,1
15503,362,116,267.15,27.43,71.39,18.68,34.75,0
15504,81,55,412.6,52.55,51.85,30.02,39.51,0
15505,52,97,3610.96,62.42,67.32,83.89,76.03,1
15506,22,255,2040.03,78.0,87.25,72.45,77.43,1
15507,171,41,492.36,41.81,43.2,34.3,37.92,0
15508,189,92,1000.27,39.9,65.96,53.81,55.13,1
15509,380,26,166.51,24.69,30.75,10.3,18.19,0
15510,330,1,250.0,28.6,0.86,17.53,14.53,0
15511,11,151,909.23,86.73,77.45,50.8,63.65,1
15512,155,30,331.58,43.45,34.62,24.03,29.91,0
15513,33,547,27750.55,70.06,96.02,98.96,93.8,1
15514,12,305,6594.77,85.84,90.05,92.09,90.58,1
15515,387,7,171.81,23.3,7.81,10.8,11.84,0
15516,44,15,62.43,65.48,18.32,1.56,15.84,0
15517,233,27,267.03,36.26,31.64,18.64,24.92,0
15518,64,442,4218.94,58.01,94.41,86.36,84.36,1
15519,383,37,344.61,23.97,40.31,24.95,29.1,0
15520,1,18,343.5,98.82,22.05,24.86,35.17,0
15521,40,398,7096.09,66.89,93.59,92.84,89.16,1
15522,32,55,398.84,70.68,51.85,29.14,41.73,1
15523,84,210,17359.99,52.17,83.86,98.0,87.17,1
15524,24,9,591.4,76.03,10.38,38.88,36.47,0
15525,2,168,1293.2,97.17,79.84,61.4,71.93,1
15526,33,4,148.44,70.06,4.04,8.36,16.4,0
15527,18,325,5574.79,80.97,90.96,90.11,88.97,1
15528,254,26,229.33,34.27,30.75,15.81,22.76,0
15529,22,773,5109.4,78.0,97.95,89.11,89.92,1
15530,21,134,1813.72,79.01,74.7,69.72,72.51,1
15531,8,213,2007.44,90.45,84.09,72.06,78.19,1
15532,25,608,3750.25,75.21,96.71,84.52,86.54,1
15533,19,83,807.57,80.0,63.25,47.47,56.77,1
15534,725,8,162.25,1.12,9.04,9.91,8.35,0
15535,173,129,1087.82,41.49,73.91,56.43,59.08,1
15536,409,16,259.09,19.93,19.57,18.18,18.83,0
15537,163,24,110.92,42.56,28.77,4.48,16.99,0
15538,537,14,3358.4,9.75,17.13,82.62,53.35,0
15539,7,41,538.46,91.75,43.2,36.59,46.71,1
15540,11,31,460.68,86.73,35.52,32.95,41.73,1
15541,114,29,85.13,47.58,33.69,2.72,18.12,0
15542,512,223,918.45,10.92,84.94,51.2,54.6,0
15543,288,54,242.84,31.33,51.38,17.02,28.79,0
15544,9,531,8162.43,89.18,95.88,93.83,93.71,1
15545,54,80,428.05,61.48,62.26,31.19,44.43,1
15546,606,12,1079.1,5.79,14.64,56.17,36.98,0
15547,7,1284,10099.99,91.75,99.42,95.63,96.11,1
15548,595,23,158.09,6.46,27.7,9.38,14.07,0
15549,77,153,2342.21,53.85,77.75,75.53,72.9,1
15550,4,231,2218.8,93.99,85.74,74.32,80.47,1
15551,36,139,1710.08,68.89,75.65,68.28,70.44,1
15552,217,30,252.52,37.33,34.62,17.72,25.39,0
15553,60,51,437.23,59.32,49.74,31.75,40.92,0
15554,277,14,217.2,32.15,17.13,14.76,18.03,0
15555,12,1558,12102.22,85.84,99.61,96.48,95.76,1
15556,24,31,279.77,76.03,35.52,19.34,32.38,0
15557,28,16,473.65,73.75,19.57,33.6,35.69,0
15558,639,23,214.13,4.14,27.7,14.46,16.62,0
15559,568,62,1109.4,8.02,55.13,56.99,49.12,0
15560,397,10,153.52,21.48,11.83,8.9,11.61,0
15561,11,88,1934.39,86.73,64.87,71.29,71.81,1
15562,351,32,673.38,28.05,36.31,42.41,38.55,0
15563,22,253,2828.0,78.0,87.09,79.22,81.24,1
15564,463,4,70.74,13.95,4.04,1.83,4.27,0
15565,50,8,173.16,63.46,9.04,10.9,18.26,0
15566,392,12,227.87,22.65,14.64,15.64,16.41,0
15567,18,7,186.01,80.97,7.81,12.06,21.21,0
15568,2,53,758.29,97.17,50.85,45.45,54.72,1
15569,103,139,3586.35,49.13,75.65,83.71,76.27,1
15570,7,696,9311.04,91.75,97.45,94.87,95.12,1
15571,11,580,4051.63,86.73,96.39,85.8,88.91,1
15572,4,335,4068.67,93.99,91.32,85.83,88.59,1
15573,31,200,1199.23,71.35,83.08,59.23,67.73,1
15574,177,220,1518.7,41.09,84.71,65.36,67.14,1
15575,619,3,30.1,5.26,3.06,0.48,1.92,0
15576,37,43,940.67,68.33,44.73,51.97,52.39,1
15577,151,59,397.98,43.83,53.67,29.07,38.17,0
15578,162,13,127.1,42.66,15.88,6.24,14.4,0
15579,68,155,1302.5,56.5,78.08,61.64,65.47,1
15580,376,214,1381.19,25.42,84.18,63.04,63.31,1
15581,156,667,4819.35,43.29,97.16,88.48,84.13,1
15582,24,44,682.91,76.03,45.43,42.75,48.5,1
15583,376,37,107.86,25.42,40.31,4.17,17.48,0
15584,23,216,1277.5,76.96,84.35,61.09,69.98,1
15585,176,31,455.3,41.25,35.52,32.74,34.79,0
15586,592,38,1139.1,6.62,41.08,57.74,45.41,0
15587,50,14,1522.08,63.46,17.13,65.41,51.6,1
15588,677,4,579.6,2.33,4.04,38.57,23.46,0
15589,255,29,478.53,34.18,33.69,33.77,33.81,0
15590,382,87,1496.6,24.17,64.63,64.95,58.74,0
15591,582,7,217.9,7.17,7.81,14.87,11.74,0
15592,46,24,388.58,64.59,28.77,28.43,33.95,0
15593,70,5,199.8,56.27,5.13,13.19,17.4,0
15594,15,103,1771.78,84.24,68.68,69.17,71.29,1
15595,487,4,357.6,12.34,4.04,26.01,17.81,0
15596,100,155,3130.04,49.37,78.08,81.19,75.54,1
15597,35,37,563.37,69.46,40.31,37.78,43.24,1
15598,53,36,548.02,61.89,39.65,37.12,41.54,0
15599,26,83,1250.06,74.47,63.25,60.42,63.32,1
15600,428,71,1199.31,17.16,58.95,59.24,52.85,0
15601,11,824,14960.12,86.73,98.25,97.51,96.1,1
15602,8,125,3230.51,90.45,73.09,81.89,80.71,1
15603,78,4,88.48,53.46,4.04,2.84,10.77,0
15604,52,17,216.39,62.42,20.78,14.66,23.54,0
15605,36,99,1936.8,68.89,67.73,71.31,69.94,1
15606,61,145,5230.99,58.9,76.67,89.44,81.28,1
15607,336,109,1708.97,28.22,70.07,68.23,62.75,1
15608,28,105,1785.98,73.75,69.17,69.41,70.0,1
15609,184,16,298.48,40.48,19.57,20.61,23.3,0
15610,51,6,112.46,62.88,6.46,4.78,13.97,0
15611,9,92,2976.28,89.18,65.96,80.14,77.53,1
15612,36,6,195.15,68.89,6.46,12.9,19.5,0
15613,610,27,433.72,5.63,31.64,31.51,27.66,0
15614,437,81,3147.36,15.68,62.63,81.32,66.24,1
15615,10,901,21373.97,87.92,98.5,98.44,96.88,1
15616,438,13,317.11,15.56,15.88,22.64,19.69,0
15617,396,42,828.55,21.65,43.97,48.22,43.04,0
15618,32,44,776.85,70.68,45.43,46.14,49.62,1
15619,10,3,336.4,87.92,3.06,24.35,27.92,0
15620,56,129,1942.36,61.2,73.91,71.38,70.56,1
15621,4,15,1293.03,93.99,18.32,61.38,54.22,1
15622,43,426,7852.61,65.96,94.16,93.57,89.6,1
15623,141,108,2437.05,44.7,69.87,76.38,69.81,1
15624,116,34,588.13,47.29,37.94,38.82,39.85,0
15625,103,171,3236.4,49.13,80.1,81.9,76.48,1
15626,74,80,1067.52,54.56,62.26,55.86,57.46,1
15627,457,24,566.9,14.35,28.77,37.93,31.83,0
15628,4,299,5652.26,93.99,89.79,90.41,90.78,1
15629,450,77,2240.9,14.83,61.07,74.5,61.79,0
15630,45,80,1481.4,65.05,62.26,64.78,64.12,1
15631,642,39,596.67,3.96,41.83,39.08,34.58,0
15632,15,167,3285.31,84.24,79.69,82.16,81.78,1
15633,509,176,4352.46,11.1,80.71,86.84,73.76,1
15634,17,34,554.65,82.05,37.94,37.42,44.26,1
15635,395,2,100.35,21.91,2.16,3.45,5.86,0
15636,89,57,1444.58,50.98,52.73,64.25,59.04,1
15637,52,41,797.59,62.42,43.2,47.1,48.3,1
15638,378,25,2265.2,25.21,29.8,74.88,54.81,0
15639,134,68,1065.08,45.38,57.72,55.78,54.76,1
15640,4,744,23922.78,93.99,97.72,98.7,97.72,1
15641,105,311,5345.55,49.0,90.4,89.63,83.75,1
15642,729,6,105.78,0.89,6.46,3.91,4.17,0
15643,191,33,664.0,39.67,37.08,42.09,40.32,0
15644,166,226,813.0,42.27,85.21,47.62,57.35,1
15645,18,65,1054.75,80.97,56.46,55.42,59.54,1
15646,157,68,974.61,43.1,57.72,53.16,52.93,1
15647,415,11,169.0,19.01,13.32,10.58,12.61,0
15648,204,24,657.35,38.47,28.77,41.63,37.55,0
15649,336,11,2170.35,28.22,13.32,73.97,50.13,0
15650,521,36,553.88,10.48,39.65,37.35,33.97,0
15651,36,60,1259.06,68.89,54.17,60.56,60.02,1
15652,91,102,1420.34,50.79,68.45,63.72,63.1,1
15653,92,6,877.44,50.58,6.46,49.91,37.85,0
15654,9,21,922.53,89.18,25.62,51.38,49.84,1
15655,243,34,560.67,35.17,37.94,37.66,37.37,0
15656,45,47,748.5,65.05,47.28,45.23,48.78,1
15657,22,1,30.0,78.0,0.86,0.46,12.21,0
15658,190,102,2423.47,39.77,68.45,76.2,68.56,1
15659,43,21,532.49,65.96,25.62,36.23,37.72,0
15660,25,151,2812.99,75.21,77.45,79.14,78.08,1
15661,317,44,1215.95,29.39,45.43,59.69,51.15,0
15662,661,12,283.73,3.09,14.64,19.63,15.75,0
15663,106,9,138.14,48.79,10.38,7.43,14.46,0
15664,50,69,1231.53,63.46,58.13,60.0,59.99,1
15665,168,279,4015.12,42.2,88.82,85.66,80.03,1
15666,472,65,632.94,13.26,56.46,40.86,41.09,0
15667,39,13,301.32,67.44,15.88,20.88,26.47,0
15668,217,1,76.32,37.33,0.86,2.2,7.1,0
15669,40,33,684.34,66.89,37.08,42.87,44.85,1
15670,296,19,325.2,30.87,23.43,23.43,24.54,0
15671,18,78,2657.13,80.97,61.39,78.16,73.89,1
15672,725,3,45.3,1.12,3.06,0.97,1.58,0
15673,88,257,6414.79,51.23,87.44,91.8,84.49,1
15674,73,350,6613.52,54.93,92.0,92.12,86.51,1
15675,81,35,542.04,52.55,38.89,36.76,39.72,0
15676,18,202,3435.76,80.97,83.31,83.1,82.84,1
15677,49,72,1305.63,63.98,59.38,61.72,61.41,1
15678,52,86,1893.89,62.42,64.29,70.76,67.7,1
15679,24,110,781.28,76.03,70.32,46.38,57.53,1
15680,9,236,4507.58,89.18,86.13,87.56,87.4,1
15681,25,88,2989.7,75.21,64.87,80.21,75.16,1
15682,599,25,318.24,6.1,29.8,22.74,22.22,0
15683,117,26,524.54,47.16,30.75,35.9,36.15,0
15684,547,11,173.95,9.13,13.32,10.94,11.33,0
15685,450,17,55.98,14.83,20.78,1.3,8.78,0
15686,420,1,90.0,18.4,0.86,2.93,4.67,0
15687,8,166,2993.1,90.45,79.48,80.25,81.56,1
15688,418,26,190.57,18.56,30.75,12.54,18.54,0
15689,119,24,521.03,47.04,28.77,35.8,35.52,0
15690,4,19,239.76,93.99,23.43,16.75,30.2,0
15691,252,14,571.3,34.51,17.13,38.26,31.78,0
15692,28,12,191.04,73.75,14.64,12.58,22.33,0
15693,659,1,37.5,3.2,0.86,0.75,1.15,0
15694,0,142,10795.81,100.0,76.2,95.9,91.0,1
15695,266,59,1131.04,33.13,53.67,57.55,52.8,0
15696,33,216,3906.57,70.06,84.35,85.27,82.73,1
15697,689,14,246.75,1.8,17.13,17.34,14.95,0
15698,624,2,46.2,4.94,2.16,0.99,1.91,0
15699,17,18,309.65,82.05,22.05,21.82,30.92,0
15700,172,85,696.68,41.69,63.91,43.35,48.86,1
15701,2,223,1542.14,97.17,84.94,65.7,75.81,1
15702,476,29,112.57,12.99,33.69,4.84,14.14,0
15703,264,5,211.5,33.29,5.13,14.27,14.56,0
15704,140,201,3817.96,44.79,83.21,84.91,78.42,1
15705,201,6,143.1,38.7,6.46,7.81,12.06,0
15706,63,55,1060.56,58.53,51.85,55.6,54.99,1
15707,35,194,945.58,69.46,82.48,52.2,63.27,1
15708,40,322,4378.72,66.89,90.87,86.96,85.05,1
15709,283,26,327.85,31.65,30.75,23.58,26.8,0
15710,417,110,898.87,18.74,70.32,50.44,51.25,0
15711,556,25,420.25,8.54,29.8,30.67,27.11,0
15712,9,166,3472.41,89.18,79.48,83.32,83.12,1
15713,143,52,1010.79,44.52,50.28,54.2,51.65,1
15714,11,48,784.81,86.73,47.9,46.5,52.92,1
15715,555,38,658.02,8.61,41.08,41.66,36.54,0
15716,145,271,3054.29,44.37,88.33,80.62,77.34,1
15717,234,24,607.0,36.14,28.77,39.7,36.11,0
15718,540,18,293.79,9.61,22.05,20.28,19.18,0
15719,32,1762,10221.41,70.68,99.68,95.69,93.06,1
15720,24,153,741.92,76.03,77.75,44.96,58.8,1
15721,11,80,507.08,86.73,62.26,35.03,50.41,1
15722,35,175,5258.1,69.46,80.59,89.54,84.02,1
15723,364,121,947.65,27.33,72.23,52.38,54.18,0
15724,201,17,310.85,38.7,20.78,22.06,24.2,0
15725,15,32,415.25,84.24,36.31,30.23,40.03,1
15726,390,23,321.91,22.82,27.7,23.1,24.35,0
15727,16,665,9445.51,83.19,97.15,94.99,93.83,1
15728,379,12,544.6,24.95,14.64,36.89,28.87,0
15729,212,11,192.55,37.81,13.32,12.68,16.63,0
15730,65,111,1726.58,57.51,70.57,68.56,67.46,1
15731,553,8,125.3,8.72,9.04,6.03,7.28,0
15732,212,99,1682.07,37.81,67.73,67.74,63.25,1
15733,282,10,162.3,31.77,11.83,9.93,13.74,0
15734,114,43,2263.3,47.58,44.73,74.83,62.31,1
15735,421,19,327.68,18.19,23.43,23.56,22.72,0
15736,435,99,1815.72,16.02,67.73,69.75,61.13,0
15737,14,71,1205.12,85.13,58.95,59.38,63.12,1
15738,18,481,13372.97,80.97,95.12,97.06,94.1,1
15739,66,8,449.12,57.08,9.04,32.35,29.53,0
15740,49,9,154.88,63.98,10.38,8.97,17.62,0
15741,458,12,208.62,14.28,14.64,14.03,14.24,0
15742,619,41,156.87,5.26,43.2,9.18,18.12,0
15743,16,84,784.46,83.19,63.56,46.46,56.76,1
15744,77,3,34.8,53.85,3.06,0.62,9.29,0
15745,19,62,1094.59,80.0,55.13,56.63,59.71,1
15746,134,28,196.88,45.38,32.66,13.0,23.37,0
15747,12,210,2562.61,85.84,83.86,77.29,80.41,1
15748,40,35,614.76,66.89,38.89,40.11,43.78,1
15749,235,10,44534.3,36.02,11.83,99.37,65.36,1
15750,2,621,6797.19,97.17,96.8,92.52,94.41,1
15751,460,130,1380.44,14.2,74.09,63.0,58.79,0
15752,39,577,4207.54,67.44,96.36,86.35,86.31,1
15753,304,1,79.2,30.35,0.86,2.34,6.13,0
15754,51,131,3037.61,62.88,74.24,80.52,76.12,1
15755,10,371,5993.12,87.92,92.82,91.05,91.07,1
15756,61,190,532.96,58.9,82.08,36.26,52.49,1
15757,65,193,2940.36,57.51,82.37,79.94,77.25,1
15758,24,9,205.25,76.03,10.38,13.68,22.11,0
15759,218,17,830.93,37.1,20.78,48.33,38.93,0
15761,442,5,143.05,15.4,5.13,7.79,8.19,0
15762,65,37,583.75,57.51,40.31,38.72,41.98,0
15763,31,61,1086.92,71.35,54.63,56.39,58.14,1
15764,88,249,4503.08,51.23,86.88,87.54,81.91,1
15765,666,25,370.63,2.9,29.8,26.97,24.15,0
15766,64,26,831.06,58.01,30.75,48.34,44.87,0
15768,115,1179,15601.09,47.45,99.27,97.56,90.52,1
15769,7,223,88704.32,91.75,84.94,99.71,94.38,1
15770,612,18,321.45,5.48,22.05,23.05,20.14,0
15771,604,28,1006.54,5.89,32.66,54.07,40.85,0
15772,418,16,280.88,18.56,19.57,19.43,19.34,0
15773,5,47,774.52,92.78,47.28,45.92,53.33,1
15774,68,108,1328.69,56.5,69.87,62.24,63.51,1
15775,245,9,150.5,35.05,10.38,8.55,13.04,0
15776,133,18,241.62,45.58,22.05,16.88,22.63,0
15777,241,39,1762.61,35.39,41.83,69.02,56.36,0
15778,431,17,307.95,16.65,20.78,21.66,20.66,0
15779,463,8,124.08,13.95,9.04,5.86,7.96,0
15780,183,29,475.28,40.6,33.69,33.7,34.73,0
15781,25,20,345.46,75.21,24.59,25.05,32.45,0
15782,9,61,4014.1,89.18,54.63,85.65,77.49,1
15783,10,14,246.3,87.92,17.13,17.28,27.83,0
15784,467,43,848.33,13.62,44.73,49.01,42.5,0
15785,32,225,5969.93,70.68,85.15,90.98,86.3,1
15786,46,465,8514.82,64.59,94.82,94.21,89.94,1
15787,26,193,948.05,74.47,82.37,52.39,64.1,1
15788,508,14,221.83,11.18,17.13,15.24,15.16,0
15789,358,138,1962.01,27.77,75.47,71.58,66.1,1
15790,10,34,220.85,87.92,37.94,15.14,32.44,0
15791,43,167,3608.34,65.96,79.69,83.83,79.99,1
15792,399,57,933.84,21.39,52.73,51.78,47.49,0
15793,14,30,2399.57,85.13,34.62,75.99,65.78,1
15794,736,15,777.0,0.25,18.32,46.16,31.47,0
15795,149,131,1979.87,44.02,74.24,71.77,68.3,1
15796,1,286,5174.83,98.82,89.08,89.3,90.67,1
15797,113,11,2806.08,47.75,13.32,79.05,55.95,1
15798,492,83,1535.37,12.08,63.25,65.58,56.91,0
15799,75,149,1424.29,54.19,77.21,63.86,66.15,1
15800,107,228,1242.58,48.55,85.41,60.2,65.51,1
15801,46,64,1063.95,64.59,56.05,55.74,57.16,1
15803,51,51,1929.66,62.88,49.74,71.24,63.96,1
15804,0,262,4206.39,100.0,87.81,86.33,88.79,1
15805,23,529,10189.23,76.96,95.85,95.66,92.91,1
15806,46,31,784.58,64.59,35.52,46.48,46.13,1
15807,50,88,1817.52,63.46,64.87,69.79,67.46,1
15808,306,759,18409.93,30.23,97.85,98.19,87.9,1
15809,36,58,1274.44,68.89,53.2,60.95,59.97,1
15810,78,166,2999.04,53.46,79.48,80.33,76.06,1
15811,22,250,3796.92,78.0,86.93,84.81,84.38,1
15812,107,124,5201.47,48.55,72.87,89.39,78.64,1
15813,207,40,1303.91,38.22,42.53,61.67,52.79,0
15814,16,98,2634.44,83.19,67.53,78.02,75.86,1
15815,63,49,2100.6,58.53,48.49,73.24,64.1,1
15816,542,11,144.15,9.41,13.32,7.93,9.66,0
15817,420,152,2766.4,18.4,77.61,78.67,69.33,1
15818,588,11,340.5,6.93,13.32,24.66,18.82,0
15819,49,260,3934.79,63.98,87.66,85.34,82.78,1
15820,319,17,206.98,29.15,20.78,13.88,18.1,0
15821,44,62,570.96,65.48,55.13,38.21,47.04,1
15822,3,63,1840.06,95.6,55.62,70.16,69.91,1
15823,729,154,3867.17,0.89,77.91,85.1,70.46,0
15824,453,26,890.94,14.61,30.75,50.21,39.42,0
15825,172,20,532.94,41.69,24.59,36.24,33.8,0
15826,56,119,2598.28,61.2,71.93,77.67,73.59,1
15827,73,217,3794.07,54.93,84.46,84.77,80.21,1
15828,375,74,1108.82,25.68,60.03,56.97,53.13,0
15829,99,51,636.14,49.55,49.74,40.99,44.72,0
15830,37,39,576.0,68.33,41.83,38.48,43.9,1
15831,58,65,801.76,60.26,56.46,47.37,51.85,1
15832,254,54,836.79,34.27,51.38,48.56,47.21,0
15833,737,5,80.4,0.14,5.13,2.44,2.85,0
15834,70,362,3770.49,56.27,92.43,84.67,82.58,1
15835,44,50,954.09,65.48,49.13,52.58,53.55,1
15836,50,10,137.37,63.46,11.83,7.37,17.03,0
15837,64,52,777.01,58.01,50.28,46.17,49.1,1
15838,11,205,74163.0,86.73,83.59,99.66,93.22,1
15839,33,62,1048.49,70.06,55.13,55.26,57.44,1
15840,58,27,355.56,60.26,31.64,25.87,32.64,0
15841,72,92,2742.41,55.35,65.96,78.52,71.53,1
15842,393,25,548.8,22.47,29.8,37.15,32.89,0
15843,303,8,118.95,30.42,9.04,5.45,10.2,0
15844,46,11,130.74,64.59,13.32,6.51,17.13,0
15845,17,174,4426.28,82.05,80.47,87.24,84.56,1
15846,385,27,107.01,23.74,31.64,4.07,14.74,0
15847,38,48,822.57,67.87,47.9,47.98,50.94,1
15848,621,34,139.94,5.11,37.94,7.6,15.72,0
15850,19,295,1058.72,80.0,89.52,55.5,68.7,1
15851,526,8,109.73,10.33,9.04,4.32,6.55,0
15852,186,33,257.26,40.15,37.08,18.1,26.72,0
15853,51,29,110.8,62.88,33.69,4.46,21.41,0
15854,4,256,5583.81,93.99,87.36,90.16,89.95,1
15855,136,94,1052.72,45.17,66.55,55.35,56.96,1
15856,4,1087,34219.08,93.99,99.09,99.16,98.37,1
15857,18,24,570.48,80.97,28.77,38.14,41.94,1
15858,15,431,3960.37,84.24,94.31,85.46,87.75,1
15859,432,22,438.46,16.44,26.64,31.8,28.05,0
15860,40,329,2502.71,66.89,91.14,76.91,79.39,1
15861,12,777,4393.49,85.84,97.97,87.08,89.94,1
15862,8,486,2923.14,90.45,95.28,79.84,85.75,1
15863,25,77,358.7,75.21,61.07,26.14,43.28,1
15864,22,23,2180.76,78.0,27.7,74.04,61.66,1
15865,40,126,2248.92,66.89,73.33,74.68,73.13,1
15866,101,43,230.53,49.25,44.73,16.01,29.04,0
15867,5,1012,9010.52,92.78,98.86,94.62,95.53,1
15868,583,4,94.53,7.11,4.04,3.21,4.03,0
15869,277,31,323.66,32.15,35.52,23.29,28.04,0
15870,32,135,862.61,70.68,74.91,49.45,59.76,1
15871,437,5,33.1,15.68,5.13,0.6,4.13,0
15872,14,173,795.68,85.13,80.33,47.04,62.08,1
15873,499,6,313.92,11.81,6.46,22.35,16.32,0
15874,63,337,11284.76,58.53,91.41,96.12,89.16,1
15875,646,18,111.72,3.79,22.05,4.67,9.4,0
15876,409,11,1449.14,19.93,13.32,64.37,43.41,0
15877,1,124,493.28,98.82,72.87,34.38,54.82,1
15878,561,50,330.77,8.41,49.13,23.94,28.66,0
15879,404,177,1157.3,20.61,80.86,58.12,58.86,1
15880,369,95,686.56,26.74,66.82,43.03,47.25,0
15881,312,29,501.39,29.67,33.69,34.89,33.77,0
15882,198,58,1491.42,39.0,53.2,64.88,57.73,1
15883,2,49,396.48,97.17,48.49,28.95,44.65,1
15884,432,14,249.7,16.44,17.13,17.5,17.24,0
15885,93,113,1921.82,50.41,70.87,71.14,67.95,1
15886,60,62,1052.87,59.32,55.13,55.37,55.89,1
15887,406,37,1027.15,20.44,40.31,54.72,45.54,0
15888,80,37,423.49,52.83,40.31,30.9,36.82,0
15889,156,290,1782.33,43.29,89.29,69.34,71.02,1
15890,394,10,535.65,22.21,11.83,36.47,27.43,0
15891,226,59,521.97,36.59,53.67,35.83,40.94,0
15892,669,38,128.2,2.66,41.08,6.29,15.49,0
15893,481,1,305.28,12.64,0.86,21.25,14.25,0
15894,253,34,418.99,34.38,37.94,30.55,33.2,0
15895,149,11,179.17,44.02,13.32,11.53,16.91,0
15897,194,21,222.05,39.42,25.62,15.26,21.79,0
15898,1,612,5592.56,98.82,96.77,90.17,93.32,1
15899,368,4,112.5,26.8,4.04,4.8,7.89,0
15900,23,122,900.4,76.96,72.47,50.53,60.64,1
15901,16,158,683.39,83.19,78.49,42.82,58.87,1
15902,380,18,145.01,24.69,22.05,8.0,14.44,0
15903,9,116,8939.84,89.18,71.39,94.53,87.25,1
15904,8,30,164.68,90.45,34.62,10.17,29.06,0
15905,543,22,114.69,9.34,26.64,5.13,11.78,0
15906,19,199,2555.64,80.0,82.95,77.17,79.21,1
15907,3,201,966.6,95.6,83.21,52.97,67.83,1
15908,490,37,764.57,12.24,40.31,45.63,39.13,0
15909,173,7,191.94,41.49,7.81,12.63,15.61,0
15910,0,587,2681.8,100.0,96.48,78.25,86.62,1
15911,623,255,1685.89,5.01,87.25,67.79,63.82,0
15912,178,93,1074.7,40.99,66.3,56.0,56.63,1
15913,534,1,6.3,9.91,0.86,0.09,1.78,0
15914,378,13,205.99,25.21,15.88,13.81,16.1,0
15915,401,104,429.0,20.99,68.94,31.24,40.26,0
15916,16,295,3427.17,83.19,89.52,83.05,84.88,1
15917,247,134,560.63,34.81,74.7,37.65,47.6,0
15918,190,60,582.88,39.77,54.17,38.69,43.18,0
15919,19,110,910.61,80.0,70.32,50.85,60.68,1
15920,154,102,567.69,43.61,68.45,37.99,47.36,1
15921,172,77,792.46,41.69,61.07,46.89,50.08,1
15922,373,11,739.0,26.17,13.32,44.89,33.24,0
15923,372,21,254.16,26.46,25.62,17.87,21.33,0
15924,731,14,102.82,0.69,17.13,3.76,7.04,0
15925,194,12,207.15,39.42,14.64,13.89,17.93,0
15926,542,7,134.44,9.41,7.81,6.87,7.51,0
15927,647,13,123.39,3.73,15.88,5.81,8.32,0
15928,656,11,293.53,3.29,13.32,20.23,15.76,0
15929,644,1,594.0,3.9,0.86,39.0,23.06,0
15930,67,21,426.63,56.72,25.62,31.08,33.4,0
15931,428,14,239.9,17.16,17.13,16.76,16.93,0
15932,4,115,2495.87,93.99,71.21,76.83,77.83,1
15933,21,74,1107.46,79.01,60.03,56.94,61.12,1
15934,417,29,2190.66,18.74,33.69,74.09,54.48,0
15935,239,11,108.04,35.63,13.32,4.22,11.48,0
15936,379,19,282.79,24.95,23.43,19.58,21.47,0
15937,64,7,145.35,58.01,7.81,8.07,15.49,0
15938,112,39,734.81,47.93,41.83,44.77,44.42,0
15939,89,115,9004.84,50.98,71.21,94.6,81.51,1
15940,311,1,35.8,29.8,0.86,0.68,5.1,0
15941,637,6,405.0,4.21,6.46,29.61,19.31,0
15942,133,14,337.44,45.58,17.13,24.47,25.58,0
15943,649,12,271.29,3.59,14.64,18.9,15.41,0
15944,276,38,2164.24,32.26,41.08,73.92,58.48,0
15945,365,28,827.27,27.19,32.66,48.14,40.66,0
15946,502,26,2304.18,11.47,30.75,75.17,53.18,0
15947,82,29,1708.24,52.33,33.69,68.22,56.17,1
15948,8,95,1509.09,90.45,66.82,65.16,69.42,1
15949,16,19,364.72,83.19,23.43,26.64,34.22,0
15950,31,386,7180.71,71.35,93.26,92.91,89.77,1
15951,8,59,1013.17,90.45,53.67,54.29,59.54,1
15952,33,84,806.57,70.06,63.56,47.44,55.34,1
15953,15,167,3669.55,84.24,79.69,84.21,82.95,1
15954,589,19,187.8,6.89,23.43,12.2,14.55,0
15955,24,342,8658.36,76.03,91.6,94.31,90.81,1
15956,551,18,617.6,8.82,22.05,40.24,30.44,0
15957,31,135,930.1,71.35,74.91,51.66,61.12,1
15958,74,59,492.99,54.56,53.67,34.36,42.8,0
15959,682,71,579.49,2.11,58.95,38.55,38.8,0
15960,374,26,410.95,25.92,30.75,29.92,29.55,0
15961,379,42,451.29,24.95,43.97,32.54,34.6,0
15962,449,43,295.83,14.91,44.73,20.42,26.4,0
15963,19,28,470.76,80.0,32.66,33.46,40.22,0
15964,663,20,272.96,2.98,24.59,19.04,18.18,0
15965,17,291,3013.09,82.05,89.34,80.45,83.18,1
15966,450,27,426.53,14.83,31.64,31.05,28.78,0
15967,23,457,3041.6,76.96,94.67,80.55,83.97,1
15968,388,69,415.3,23.15,58.13,30.25,36.99,0
15969,2,35,1127.05,97.17,38.89,57.42,58.19,1
15970,303,24,1017.32,30.42,28.77,54.44,43.65,0
15971,17,40,5897.88,82.05,42.53,90.89,76.02,1
15972,456,133,1810.27,14.46,74.49,69.69,62.75,0
15973,366,10,973.44,27.02,11.83,53.09,37.63,0
15974,39,176,3442.15,67.44,80.71,83.19,80.13,1
15975,84,24,371.01,52.17,28.77,27.0,31.27,0
15976,165,358,1732.54,42.36,92.3,68.63,71.31,1
15977,17,64,1054.73,82.05,56.05,55.4,59.58,1
15978,77,129,3279.42,53.85,73.91,82.09,75.56,1
15979,602,22,329.22,6.01,26.64,23.74,21.89,0
15980,88,114,6593.68,51.23,71.03,92.07,80.05,1
15981,24,288,9362.77,76.03,89.17,94.92,90.48,1
15982,605,45,324.51,5.84,46.1,23.39,27.12,0
15983,22,250,3958.82,78.0,86.93,85.42,84.73,1
15984,2,652,8759.32,97.17,97.05,94.4,95.56,1
15985,123,104,2715.28,46.67,68.94,78.35,70.96,1
15986,30,25,354.42,72.08,29.8,25.79,33.85,0
15987,12,158,1682.13,85.84,78.49,67.75,73.47,1
15988,19,119,767.59,80.0,71.93,45.68,58.18,1
15989,375,83,372.51,25.68,63.25,27.12,37.02,0
15990,44,177,2010.05,65.48,80.86,72.1,73.56,1
15991,534,6,150.55,9.91,6.46,8.58,8.19,0
15992,3,54,896.6,95.6,51.38,50.38,57.44,1
15993,8,522,2788.87,90.45,95.74,78.91,85.35,1
15994,54,103,1202.18,61.48,68.68,59.36,62.29,1
15995,414,108,696.19,19.17,69.87,43.34,47.14,0
15996,88,171,1686.9,51.23,80.1,67.82,68.77,1
15998,36,1407,8308.34,68.89,99.5,94.0,91.78,1
15999,735,1,20.4,0.35,0.86,0.29,0.46,0
16000,2,9,12393.7,97.17,10.38,96.65,72.57,1
16001,381,29,583.39,24.44,33.69,38.7,35.16,0
16002,625,42,169.21,4.86,43.97,10.59,19.08,0
16003,29,203,5613.83,72.9,83.41,90.28,85.75,1
16004,474,90,2146.39,13.1,65.35,73.68,62.26,0
16005,12,475,2435.8,85.84,94.99,76.37,83.0,1
16006,211,75,347.17,37.99,60.4,25.12,36.93,0
16007,47,645,3075.14,64.23,96.98,80.83,82.86,1
16008,23,253,5384.13,76.96,87.09,89.78,87.1,1
16009,22,79,992.71,78.0,61.81,53.61,59.56,1
16010,245,276,1724.06,35.05,88.6,68.51,69.11,1
16011,8,415,5878.76,90.45,93.98,90.87,91.68,1
16012,35,233,2989.79,69.46,85.97,80.23,80.22,1
16013,3,212,57446.44,95.6,84.01,99.56,94.61,1
16014,37,271,1130.27,68.33,88.33,57.54,67.78,1
16015,3,175,705.1,95.6,80.59,43.63,61.77,1
16016,3,283,2533.94,95.6,88.94,77.05,83.16,1
16017,47,121,1553.83,64.23,72.23,65.87,67.41,1
16018,39,56,698.13,67.44,52.27,43.42,49.5,1
16019,46,403,17465.85,64.59,93.72,98.03,91.81,1
16020,16,46,851.01,83.19,46.68,49.11,53.54,1
16021,395,120,532.25,21.91,72.09,36.19,44.1,0
16022,260,68,628.28,33.86,57.72,40.6,44.39,0
16023,46,101,719.81,64.59,68.21,44.28,54.02,1
16024,12,81,478.92,85.84,62.63,33.8,49.68,1
16025,29,28,439.66,72.9,32.66,31.92,38.28,0
16026,43,30,236.09,65.96,34.62,16.49,28.99,0
16027,91,35,2048.36,50.79,38.89,72.59,59.88,1
16028,595,5,82.2,6.46,5.13,2.61,3.9,0
16029,38,368,114066.39,67.87,92.72,99.78,93.02,1
16030,309,28,331.24,30.05,32.66,23.99,27.33,0
16031,92,96,548.94,50.58,67.09,37.17,47.56,1
16032,456,204,1970.45,14.46,83.49,71.7,66.42,1
16033,5,1349,10836.13,92.78,99.45,95.93,96.45,1
16034,196,55,928.72,39.28,51.85,51.64,49.84,0
16035,560,21,217.73,8.47,25.62,14.83,16.9,0
16036,87,140,2556.84,51.47,75.82,77.22,72.97,1
16037,269,71,1509.34,32.74,58.95,65.17,58.57,1
16038,7,26,471.78,91.75,30.75,33.51,41.47,1
16039,423,32,456.4,17.81,36.31,32.78,31.53,0
16040,65,125,2416.9,57.51,73.09,76.11,72.47,1
16041,30,6,3166.4,72.08,6.46,81.49,59.07,1
16042,22,129,2265.12,78.0,73.91,74.86,75.07,1
16043,37,73,1856.59,68.33,59.71,70.39,67.09,1
16044,435,19,340.84,16.02,23.43,24.68,23.03,0
16045,119,148,3434.93,47.04,77.02,83.08,75.98,1
16046,562,22,235.78,8.3,26.64,16.42,18.07,0
16048,373,36,1075.23,26.17,39.65,56.02,46.96,0
16049,40,462,1899.68,66.89,94.77,70.88,76.97,1
16050,173,21,300.7,41.49,25.62,20.78,25.24,0
16051,681,12,188.44,2.15,14.64,12.3,11.43,0
16052,54,34,362.06,61.48,37.94,26.44,34.91,0
16053,32,193,3634.84,70.68,82.37,84.01,81.55,1
16054,145,122,2111.88,44.37,72.47,73.34,68.75,1
16055,220,8,134.8,36.85,9.04,6.94,12.01,0
16056,45,66,664.85,65.05,56.84,42.14,49.69,1
16057,16,218,3854.85,83.19,84.53,85.01,84.6,1
16058,406,2,62.7,20.44,2.16,1.61,4.59,0
16059,65,385,3217.77,57.51,93.18,81.85,81.37,1
16060,400,24,541.95,21.21,28.77,36.72,32.17,0
16061,431,3,89.65,16.65,3.06,2.9,5.01,0
16062,9,185,2863.45,89.18,81.62,79.41,81.49,1
16063,260,23,335.32,33.86,27.7,24.28,26.68,0
16064,725,17,111.0,1.12,20.78,4.54,8.57,0
16065,365,341,2382.62,27.19,91.57,75.75,72.9,1
16066,16,100,1521.87,83.19,67.96,65.4,68.78,1
16067,562,66,3395.29,8.3,56.84,82.76,64.33,0
16068,593,34,122.93,6.52,37.94,5.79,14.9,0
16069,417,25,457.7,18.74,29.8,32.81,29.86,0
16070,22,33,852.15,78.0,37.08,49.16,50.11,1
16071,44,73,1076.8,65.48,59.71,56.05,58.49,1
16072,288,504,4328.89,31.33,95.55,86.79,80.92,1
16073,297,1,122.4,30.77,0.86,5.69,8.1,0
16074,390,23,265.25,22.82,27.7,18.51,21.73,0
16075,502,41,736.93,11.47,43.2,44.86,39.38,0
16076,3,128,2234.73,95.6,73.67,74.45,77.41,1
16077,625,8,2300.4,4.86,9.04,75.09,46.06,0
16078,283,39,362.99,31.65,41.83,26.56,31.6,0
16079,16,21,1352.0,83.19,25.62,62.51,55.28,1
16080,81,30,602.56,52.55,34.62,39.35,40.01,0
16081,56,363,4460.18,61.2,92.47,87.41,84.89,1
16082,670,16,106.75,2.6,19.57,4.03,8.17,0
16083,100,71,2351.42,49.37,58.95,75.58,66.99,1
16084,299,38,436.18,30.67,41.08,31.66,34.15,0
16085,23,369,2327.21,76.96,92.75,75.44,80.52,1
16086,59,129,2864.99,59.82,73.91,79.44,74.95,1
16087,389,10,1739.92,23.01,11.83,68.69,45.92,0
16088,575,6,1437.43,7.71,6.46,64.13,39.52,0
16089,386,46,271.44,23.5,46.68,18.93,27.39,0
16090,624,18,205.91,4.94,22.05,13.79,14.78,0
16091,154,18,315.06,43.61,22.05,22.45,25.51,0
16092,114,90,1587.94,47.58,65.35,66.35,63.26,1
16093,106,1,17.0,48.79,0.86,0.26,7.71,0
16094,11,196,3695.56,86.73,82.64,84.3,84.2,1
16095,456,30,447.05,14.46,34.62,32.25,30.25,0
16096,264,66,1584.97,33.29,56.84,66.3,58.7,1
16097,240,10,185.05,35.49,11.83,11.94,15.45,0
16098,87,149,4448.1,51.47,77.21,87.34,79.12,1
16099,50,69,1573.2,63.46,58.13,66.15,63.5,1
16100,462,37,582.64,14.1,40.31,38.67,35.44,0
16101,70,192,3229.16,56.27,82.22,81.87,78.13,1
16102,42,57,1842.14,66.38,52.73,70.25,64.76,1
16103,7,200,6191.71,91.75,83.08,91.35,89.1,1
16104,61,231,2778.61,58.9,85.74,78.83,77.77,1
16105,248,110,2386.19,34.71,70.32,75.79,68.09,1
16106,65,6,108.38,57.51,6.46,4.24,12.85,0
16107,17,31,3204.16,82.05,35.52,81.75,68.85,1
16108,84,135,2235.92,52.17,74.91,74.47,71.25,1
16109,218,31,939.48,37.1,35.52,51.91,45.1,0
16110,45,418,1819.27,65.05,94.02,69.81,75.87,1
16111,428,72,562.48,17.16,59.38,37.71,40.7,0
16112,143,16,195.74,44.52,19.57,12.95,19.54,0
16113,183,30,161.38,40.6,34.62,9.77,21.36,0
16114,170,8,135.75,41.9,9.04,7.11,12.87,0
16115,9,412,2575.14,89.18,93.94,77.46,83.83,1
16116,211,34,612.78,37.99,37.94,39.97,39.1,0
16117,189,89,654.4,39.9,65.09,41.54,47.89,0
16118,652,41,4376.25,3.53,43.2,86.94,62.18,0
16119,8,54,1720.81,90.45,51.38,68.44,66.96,1
16120,59,89,3056.91,59.82,65.09,80.66,73.17,1
16121,57,311,1477.09,60.75,90.4,64.73,71.32,1
16122,73,54,1001.34,54.93,51.38,53.86,53.33,1
16123,51,16,307.78,62.88,19.57,21.63,27.24,0
16124,317,82,1772.49,29.39,62.96,69.19,61.48,1
16125,367,283,4587.65,26.89,88.94,87.87,79.02,1
16126,29,377,14646.8,72.9,93.0,97.45,92.52,1
16127,39,75,801.31,67.44,60.4,47.33,54.01,1
16128,17,182,3801.05,82.05,81.45,84.83,83.46,1
16129,407,96,1396.05,20.28,67.09,63.31,57.91,0
16130,422,55,987.48,18.02,51.85,53.52,47.73,0
16131,51,219,9957.42,62.88,84.6,95.45,87.53,1
16132,544,17,664.2,9.27,20.78,42.11,31.21,0
16133,3,544,22992.26,95.6,95.96,98.67,97.45,1
16134,21,116,2145.34,79.01,71.39,73.65,73.82,1
16135,262,39,819.45,33.55,41.83,47.86,44.03,0
16136,59,46,946.8,59.82,46.68,52.31,51.86,1
16137,680,28,422.7,2.2,32.66,30.86,27.07,0
16138,378,37,910.35,25.21,40.31,50.84,44.05,0
16139,18,57,1111.15,80.97,52.73,57.04,59.42,1
16140,65,64,1557.6,57.51,56.05,65.93,61.9,1
16141,88,50,955.94,51.23,49.13,52.63,51.44,1
16142,249,37,535.34,34.64,40.31,36.45,37.26,0
16143,3,223,4910.83,95.6,84.94,88.79,88.73,1
16144,246,1,175.2,34.92,0.86,11.08,11.8,0
16145,8,396,6805.44,90.45,93.53,92.55,92.51,1
16146,157,41,946.38,43.1,43.2,52.24,48.34,0
16147,133,136,2398.91,45.58,75.09,75.94,71.15,1
16148,296,9,386.62,30.87,10.38,28.32,23.68,0
16149,4,30,422.22,93.99,34.62,30.81,41.35,1
16150,42,216,4395.59,66.38,84.35,87.1,83.22,1
16152,268,29,1829.04,32.84,33.69,70.08,54.3,0
16153,49,226,5133.49,63.98,85.21,89.25,84.33,1
16155,381,48,796.9,24.44,47.9,47.08,43.91,0
16156,8,260,6218.18,90.45,87.66,91.39,90.2,1
16157,15,18,656.69,84.24,22.05,41.59,42.52,1
16158,522,35,628.32,10.41,38.89,40.62,35.6,0
16159,281,52,1232.79,31.88,50.28,60.03,53.08,0
16160,65,20,1025.44,57.51,24.59,54.67,46.67,0
16161,1,1120,12831.8,98.82,99.21,96.86,97.81,1
16162,252,2,37.4,34.51,2.16,0.73,6.2,0
16163,232,68,2849.58,36.38,57.72,79.29,66.81,1
16164,17,33,822.48,82.05,37.08,47.97,50.03,1
16165,505,1,79.9,11.33,0.86,2.4,3.31,0
16166,428,22,435.83,17.16,26.64,31.63,28.06,0
16167,414,63,1386.12,19.17,55.62,63.16,54.45,0
16168,10,306,10636.47,87.92,90.12,95.85,93.06,1
16169,8,85,1822.97,90.45,63.91,69.89,71.3,1
16170,50,440,6869.0,63.46,94.38,92.65,88.76,1
16171,59,3,73.2,59.82,3.06,2.0,10.97,0
16172,95,113,1884.55,50.05,70.87,70.66,67.63,1
16173,15,84,1418.32,84.24,63.56,63.69,66.73,1
16174,126,65,2246.75,46.49,56.46,74.57,65.29,1
16175,94,98,1836.44,50.29,67.53,70.11,66.42,1
16176,421,72,2052.69,18.19,59.38,72.66,60.77,0
16177,50,118,2247.31,63.46,71.73,74.61,72.13,1
16178,138,25,612.6,44.94,29.8,39.95,37.86,0
16179,60,11,215.83,59.32,13.32,14.63,20.97,0
16180,100,327,16249.87,49.37,91.05,97.74,88.61,1
16181,73,11,305.54,54.93,13.32,21.29,24.11,0
16182,72,51,9971.65,55.35,49.74,95.52,76.68,1
16183,67,41,1077.81,56.72,43.2,56.08,52.57,1
16184,64,45,1158.79,58.01,46.1,58.17,54.76,1
16185,16,40,644.72,83.19,42.53,41.27,47.91,1
16186,22,505,9026.11,78.0,95.57,94.63,92.4,1
16187,31,295,6911.44,71.35,89.52,92.69,88.6,1
16188,44,74,1087.66,65.48,60.03,56.41,58.78,1
16189,15,11,215.48,84.24,13.32,14.58,24.67,0
16190,40,119,2723.55,66.89,71.93,78.37,74.84,1
16191,2,231,15688.02,97.17,85.74,97.57,94.2,1
16192,735,11,351.3,0.35,13.32,25.56,18.35,0
16193,236,38,630.43,35.9,41.08,40.7,40.09,0
16194,375,8,308.6,25.68,9.04,21.74,18.77,0
16195,723,16,323.25,1.31,19.57,23.24,18.92,0
16196,488,4,93.3,12.27,4.04,3.11,4.74,0
16197,469,93,2016.71,13.54,66.3,72.16,61.73,0
16198,75,32,1030.04,54.19,36.31,54.84,49.55,1
16199,392,10,942.75,22.65,11.83,52.12,36.42,0
16200,4,583,5643.45,93.99,96.43,90.4,92.62,1
16201,3,124,2112.12,95.6,72.87,73.36,76.56,1
16202,360,124,2501.99,27.57,72.87,76.9,68.37,1
16203,58,66,1114.54,60.26,56.84,57.11,57.51,1
16204,23,96,944.24,76.96,67.09,52.17,60.07,1
16205,30,190,1824.01,72.08,82.08,69.91,73.64,1
16206,54,237,2589.57,61.48,86.17,77.56,77.56,1
16207,25,19,394.38,75.21,23.43,28.84,34.28,0
16208,44,250,3440.45,65.48,86.93,83.17,81.57,1
16209,88,67,4146.78,51.23,57.27,86.11,72.8,1
16210,1,254,38469.51,98.82,87.16,99.27,95.81,1
16211,88,36,1090.59,51.23,39.65,56.49,50.99,1
16212,19,78,1293.71,80.0,61.39,61.41,64.2,1
16213,78,6,159.0,53.46,6.46,9.47,15.22,0
16214,170,98,2038.25,41.9,67.53,72.44,66.48,1
16215,80,14,242.35,52.83,17.13,16.99,22.4,0
16216,267,37,914.93,32.96,40.31,50.99,45.3,0
16217,235,15,304.25,36.02,18.32,21.17,22.6,0
16218,29,136,4439.97,72.9,75.09,87.29,81.71,1
16219,500,1,40.8,11.71,0.86,0.89,2.5,0
16221,36,231,2234.06,68.89,85.74,74.44,76.77,1
16222,318,143,1345.22,29.28,76.35,62.41,61.34,1
16223,374,122,1102.35,25.92,72.47,56.84,56.58,0
16224,57,116,1616.54,60.75,71.39,66.83,67.2,1
16225,44,296,2867.41,65.48,89.58,79.46,80.2,1
16226,203,31,672.17,38.59,35.52,42.34,39.87,0
16227,225,34,1027.22,36.71,37.94,54.73,47.33,0
16228,385,53,890.81,23.74,50.85,50.19,46.41,0
16229,87,176,2867.86,51.47,80.71,79.48,75.62,1
16230,189,35,542.03,39.9,38.89,36.74,37.82,0
16231,379,97,1078.22,24.95,67.32,56.1,54.57,0
16232,43,105,2712.97,65.96,69.17,78.33,73.91,1
16233,71,73,1965.71,55.84,59.71,71.63,65.93,1
16234,476,15,333.18,12.99,18.32,24.15,20.84,0
16235,40,114,2043.71,66.89,71.03,72.49,71.24,1
16236,78,20,432.2,53.46,24.59,31.44,32.83,0
16237,437,7,136.65,15.68,7.81,7.31,8.71,0
16238,422,6,63.66,18.02,6.46,1.66,5.46,0
16239,56,35,1492.2,61.2,38.89,64.9,57.06,1
16240,24,135,3718.8,76.03,74.91,84.4,80.49,1
16241,9,949,4326.26,89.18,98.65,86.77,90.46,1
16242,8,651,7474.4,90.45,97.02,93.18,93.85,1
16243,33,51,409.1,70.06,49.74,29.82,41.43,1
16244,211,91,2579.38,37.99,65.62,77.49,68.24,1
16245,23,90,1413.66,76.96,65.35,63.59,66.08,1
16246,459,84,827.25,14.24,63.56,48.12,47.36,0
16247,170,16,114.56,41.9,19.57,5.08,14.66,0
16248,61,7,152.94,58.9,7.81,8.85,16.07,0
16249,52,69,1800.07,62.42,58.13,69.6,65.31,1
16250,261,35,791.38,33.69,38.89,46.86,42.65,0
16251,512,20,128.31,10.92,24.59,6.31,12.12,0
16252,382,21,295.09,24.17,25.62,20.37,22.41,0
16253,66,287,7260.15,57.08,89.12,93.05,86.55,1
16254,378,74,985.14,25.21,60.03,53.43,51.05,0
16255,16,504,4906.8,83.19,95.55,88.77,89.83,1
16256,266,28,1579.37,33.13,32.66,66.23,51.87,0
16257,176,1,21.95,41.25,0.86,0.36,6.63,0
16258,45,344,11942.52,65.05,91.71,96.39,90.38,1
16259,410,80,361.94,19.75,62.26,26.42,35.45,0
16260,50,18,1035.45,63.46,22.05,55.02,47.06,0
16261,17,159,1059.45,82.05,78.67,55.57,66.01,1
16262,378,46,755.15,25.21,46.68,45.4,42.73,0
16263,423,19,351.01,17.81,23.43,25.53,23.78,0
16264,438,63,837.53,15.56,55.62,48.6,45.61,0
16265,9,332,6685.17,89.18,91.23,92.24,91.5,1
16266,73,108,1757.95,54.93,69.87,68.95,67.11,1
16267,591,7,186.66,6.74,7.81,12.13,10.11,0
16268,71,44,617.65,55.84,45.43,40.26,44.04,0
16269,437,53,717.57,15.68,50.85,44.17,41.77,0
16270,353,54,1141.24,27.99,51.38,57.79,51.53,0
16271,15,283,3433.02,84.24,88.94,83.07,84.89,1
16272,116,25,411.7,47.29,29.8,29.97,32.52,0
16273,648,15,336.04,3.67,18.32,24.32,19.54,0
16274,373,63,675.5,26.17,55.62,42.48,43.71,0
16275,196,111,2151.11,39.28,70.57,73.79,67.71,1
16276,176,26,2629.39,41.25,30.75,78.01,59.26,1
16277,733,23,188.69,0.47,27.7,12.35,14.87,0
16278,100,55,1117.84,49.37,51.85,57.19,54.52,1
16279,21,347,5705.08,79.01,91.86,90.52,89.17,1
16280,725,16,238.05,1.12,19.57,16.63,15.13,0
16281,72,39,3424.02,55.35,41.83,83.01,67.33,1
16282,339,33,1307.58,28.09,37.08,61.74,49.79,0
16283,5,561,4402.12,92.78,96.21,87.13,90.52,1
16284,31,127,1029.77,71.35,73.5,54.82,62.53,1
16285,646,31,176.9,3.79,35.52,11.27,16.94,0
16286,477,17,328.95,12.88,20.78,23.7,21.26,0
16287,169,42,1006.98,42.07,43.97,54.12,49.47,0
16288,470,7,129.85,13.44,7.81,6.44,7.87,0
16289,462,21,136.31,14.1,25.62,7.28,13.44,0
16290,464,122,2069.3,13.8,72.47,72.88,63.9,1
16292,121,62,1253.76,46.86,55.13,60.49,56.94,1
16293,21,225,4657.95,79.01,85.15,88.09,85.91,1
16294,476,8,126.05,12.99,9.04,6.15,7.99,0
16295,9,79,1328.55,89.18,61.81,62.2,66.14,1
16296,626,74,1313.67,4.76,60.03,61.96,52.84,0
16297,268,20,301.9,32.84,24.59,20.93,23.74,0
16298,22,47,1085.7,78.0,47.28,56.36,57.06,1
16299,477,12,193.65,12.88,14.64,12.78,13.32,0
16300,430,231,1392.43,16.82,85.74,63.29,62.61,1
16301,736,6,107.33,0.25,6.46,4.1,4.18,0
16302,126,11,233.22,46.49,13.32,16.18,19.93,0
16303,25,286,7928.27,75.21,89.08,93.68,89.62,1
16304,694,25,381.66,1.66,29.8,27.79,24.43,0
16305,138,22,361.22,44.94,26.64,26.38,29.24,0
16306,213,67,1192.82,37.68,57.27,59.01,55.32,1
16307,429,75,1194.92,16.98,60.4,59.09,53.14,0
16308,37,7,5120.0,68.33,7.81,89.18,63.27,1
16309,106,42,706.57,48.79,43.97,43.69,44.54,0
16310,414,28,460.08,19.17,32.66,32.89,30.77,0
16311,17,37,616.26,82.05,40.31,40.21,46.51,1
16312,432,10,171.15,16.44,11.83,10.73,11.9,0
16313,3,16,274.15,95.6,19.57,19.1,30.71,0
16314,389,62,1491.4,23.01,55.13,64.87,55.86,0
16315,330,23,402.71,28.6,27.7,29.41,28.81,0
16316,64,297,5744.91,58.01,89.64,90.65,85.47,1
16317,119,117,2192.51,47.04,71.56,74.11,69.34,1
16318,35,19,328.15,69.46,23.43,23.6,30.43,0
16319,217,3,404.4,37.33,3.06,29.56,23.31,0
16320,172,241,5628.99,41.69,86.53,90.33,81.97,1
16321,72,23,604.55,55.35,27.7,39.56,38.61,0
16322,1,35,326.75,98.82,38.89,23.51,39.12,1
16323,196,4,353.66,39.28,4.04,25.72,21.68,0
16324,128,108,428.68,46.13,69.87,31.22,44.28,0
16325,46,138,3597.5,64.59,75.47,83.77,78.57,1
16326,5,454,4731.99,92.78,94.62,88.28,90.73,1
16327,14,871,10670.14,85.13,98.31,95.86,94.94,1
16328,563,16,310.83,8.21,19.57,22.04,19.27,0
16329,427,98,1703.07,17.36,67.53,68.08,60.32,0
16330,17,114,634.33,82.05,71.03,40.89,55.5,1
16331,432,34,2037.7,16.44,37.94,72.42,54.37,0
16332,28,193,2007.89,73.75,82.37,72.08,75.21,1
16333,7,45,26626.8,91.75,46.1,98.91,83.05,1
16334,492,54,277.48,12.08,51.38,19.22,27.16,0
16335,551,355,2774.0,8.82,92.18,78.79,72.05,1
16336,420,68,3517.69,18.4,57.72,83.53,66.53,1
16337,36,10,151.05,68.89,11.83,8.66,18.58,0
16338,157,11,214.8,43.1,13.32,14.5,18.46,0
16339,284,17,109.95,31.55,20.78,4.36,13.03,0
16340,107,306,1526.06,48.55,90.12,65.46,69.83,1
16341,24,158,3850.79,76.03,78.49,84.98,81.82,1
16342,75,15,322.41,54.19,18.32,23.17,26.47,0
16343,16,67,687.07,83.19,57.27,43.06,53.06,1
16344,158,45,842.42,42.97,46.1,48.79,47.16,0
16345,44,103,1198.74,65.48,68.68,59.19,62.79,1
16346,385,15,224.51,23.74,18.32,15.41,17.48,0
16347,11,328,3509.41,86.73,91.11,83.48,86.1,1
16348,32,238,1795.88,70.68,86.26,69.55,74.4,1
16349,290,9,53.5,31.13,10.38,1.21,8.27,0
16350,21,122,2253.89,79.01,72.47,74.73,74.74,1
16351,332,187,3330.03,28.45,81.78,82.45,74.16,1
16352,17,28,494.44,82.05,32.66,34.45,41.09,1
16353,3,173,9999.46,95.6,80.33,95.56,91.3,1
16354,63,135,1129.51,58.53,74.91,57.5,62.53,1
16355,375,47,416.35,25.68,47.28,30.31,34.37,0
16356,197,57,415.87,39.13,52.73,30.3,37.91,0
16357,33,47,868.37,70.06,47.28,49.61,52.02,1
16358,1,154,2919.65,98.82,77.91,79.8,82.13,1
16359,7,125,2697.75,91.75,73.09,78.32,78.87,1
16360,4,589,3512.53,93.99,96.51,83.51,88.72,1
16361,9,100,896.66,89.18,67.96,50.39,61.13,1
16362,32,88,946.94,70.68,64.87,52.32,58.59,1
16363,53,5,109.36,61.89,5.13,4.29,13.17,0
16364,11,52,707.04,86.73,50.28,43.72,52.01,1
16365,17,124,3307.2,82.05,72.87,82.23,79.58,1
16366,18,78,1548.13,80.97,61.39,65.79,66.83,1
16367,37,215,1362.4,68.33,84.25,62.73,69.6,1
16368,2,82,640.21,97.17,62.96,41.13,55.65,1
16369,18,167,2662.73,80.97,79.69,78.2,79.03,1
16370,82,214,1320.56,52.33,84.18,62.08,66.81,1
16371,448,11,157.2,14.99,13.32,9.24,11.25,0
16372,33,299,1328.61,70.06,89.79,62.22,71.11,1
16373,382,28,309.49,24.17,32.66,21.8,25.2,0
16374,66,339,1757.6,57.08,91.52,68.93,73.48,1
16375,470,13,104.0,13.44,15.88,3.82,8.64,0
16376,8,110,987.01,90.45,70.32,53.49,63.74,1
16377,267,10,1308.48,32.96,11.83,61.8,43.48,0
16378,247,23,362.95,34.81,27.7,26.54,28.1,0
16379,4,108,2157.4,93.99,69.87,73.89,75.78,1
16380,61,28,1780.59,58.9,32.66,69.28,57.47,1
16381,395,60,258.7,21.91,54.17,18.16,28.81,0
16382,408,44,353.1,20.12,45.43,25.67,30.37,0
16383,74,363,2966.14,54.56,92.47,80.09,79.73,1
16384,89,81,1358.95,50.98,62.63,62.65,60.89,1
16385,60,114,1030.61,59.32,71.03,54.85,60.05,1
16386,28,131,1102.59,73.75,74.24,56.85,64.26,1
16387,322,80,918.55,29.01,62.26,51.21,50.98,0
16388,653,13,186.05,3.47,15.88,12.08,11.85,0
16389,53,34,1382.07,61.89,37.94,63.06,55.85,1
16390,536,21,467.5,9.8,25.62,33.2,27.57,0
16391,400,290,1100.21,21.21,89.29,56.77,60.54,1
16392,269,140,761.8,32.74,75.82,45.52,52.09,1
16393,2,721,5561.66,97.17,97.57,90.07,93.24,1
16394,56,83,1555.34,61.2,63.25,65.89,64.45,1
16395,60,609,3537.0,59.32,96.74,83.58,83.62,1
16396,476,8,137.8,12.99,9.04,7.4,8.7,0
16397,628,9,127.88,4.61,10.38,6.27,7.17,0
16398,154,82,1705.8,43.61,62.96,68.13,63.0,1
16399,19,108,640.02,80.0,69.87,41.1,54.99,1
16400,94,255,3159.44,50.29,87.25,81.44,78.4,1
16401,1,355,6847.45,98.82,92.18,92.6,93.42,1
16402,264,56,511.4,33.29,52.27,35.32,39.76,0
16403,312,10,177.5,29.67,11.83,11.35,14.23,0
16404,70,23,443.05,56.27,27.7,32.07,34.48,0
16405,302,5,167.25,30.53,5.13,10.37,11.93,0
16406,18,141,552.68,80.97,76.03,37.32,54.71,1
16407,12,221,2821.65,85.84,84.8,79.17,81.75,1
16408,591,45,231.93,6.74,46.1,16.11,23.1,0
16409,36,760,5709.04,68.89,97.86,90.55,89.35,1
16410,734,5,130.32,0.41,5.13,6.48,5.19,0
16411,19,178,910.19,80.0,81.02,50.82,63.65,1
16412,53,110,647.23,61.89,70.32,41.32,52.52,1
16413,56,62,528.98,61.2,55.13,36.0,45.14,1
16414,21,62,559.71,79.01,55.13,37.58,48.71,1
16415,44,134,719.44,65.48,74.7,44.24,55.96,1
16416,26,181,2972.88,74.47,81.37,80.13,79.63,1
16417,492,1,35.7,12.08,0.86,0.67,2.43,0
16418,44,147,1101.94,65.48,76.88,56.78,63.72,1
16419,112,88,1487.42,47.93,64.87,64.83,62.31,1
16420,396,2,75.0,21.65,2.16,2.08,5.04,0
16421,376,38,526.27,25.42,41.08,35.95,35.81,0
16422,17,696,63387.02,82.05,97.45,99.59,96.36,1
16423,24,18,346.12,76.03,22.05,25.07,31.87,0
16424,191,13,443.06,39.67,15.88,32.09,28.69,0
16425,302,21,302.7,30.53,25.62,21.04,23.74,0
16426,2,346,1908.25,97.17,91.79,71.02,80.76,1
16427,263,9,241.06,33.43,10.38,16.83,17.51,0
16428,413,126,660.28,19.35,73.33,41.85,47.29,0
16429,106,2,284.55,48.79,2.16,19.7,19.15,0
16430,57,27,1102.94,60.75,31.64,56.87,50.39,1
16431,213,65,642.81,37.68,56.46,41.22,44.95,0
16432,64,8,287.4,58.01,9.04,19.89,22.57,0
16433,28,34,384.52,73.75,37.94,28.08,37.7,0
16434,29,178,2741.74,72.9,81.02,78.5,78.37,1
16435,512,124,1011.57,10.92,72.87,54.24,52.96,0
16436,668,40,329.34,2.74,42.53,23.78,25.87,0
16437,381,21,301.25,24.44,25.62,20.83,22.71,0
16438,5,131,798.35,92.78,74.24,47.18,61.6,1
16439,722,9,310.7,1.41,10.38,21.99,15.65,0
16440,7,304,3856.97,91.75,90.0,85.03,87.43,1
16441,67,82,1028.48,56.72,62.96,54.78,57.36,1
16442,1,244,899.47,98.82,86.66,50.48,67.86,1
16443,520,1,162.24,10.57,0.86,9.89,7.47,0
16444,46,364,3656.58,64.59,92.54,84.18,83.58,1
16445,33,177,602.73,70.06,80.86,39.37,55.59,1
16446,0,3,168472.5,100.0,3.06,99.88,72.79,2
16447,135,67,775.14,45.23,57.27,45.98,49.03,1
16448,198,50,367.87,39.0,49.13,26.85,34.91,0
16449,197,40,707.69,39.13,42.53,43.78,42.73,0
16450,149,43,1505.73,44.02,44.73,65.02,56.19,1
16451,87,65,1013.15,51.47,56.46,54.27,54.46,1
16452,630,18,332.17,4.53,22.05,24.06,20.57,0
16453,530,15,251.71,10.06,18.32,17.67,16.71,0
16454,64,2,7.45,58.01,2.16,0.1,9.37,0
16455,63,203,4384.37,58.53,83.41,86.98,81.71,1
16456,99,385,6862.91,49.55,93.18,92.63,86.32,1
16457,218,9,208.36,37.1,10.38,14.0,16.45,0
16458,2,380,5715.34,97.17,93.1,90.58,92.28,1
16459,729,5,71.79,0.89,5.13,1.95,2.68,0
16460,28,129,814.72,73.75,73.91,47.71,58.95,1
16461,177,245,1609.22,41.09,86.71,66.76,68.5,1
16462,73,3,136.0,54.93,3.06,7.2,13.2,0
16463,21,82,1422.4,79.01,62.96,63.77,65.83,1
16464,19,219,1314.68,80.0,84.6,62.0,71.02,1
16465,420,48,746.24,18.4,47.9,45.18,41.92,0
16466,33,318,3838.59,70.06,90.73,84.96,84.34,1
16467,508,24,2869.16,11.18,28.77,79.53,55.06,0
16468,74,45,787.52,54.56,46.1,46.63,47.67,1
16469,23,189,828.91,76.96,81.96,48.26,62.0,1
16470,51,444,2458.6,62.88,94.48,76.45,79.46,1
16471,274,62,1189.98,32.48,55.13,58.94,53.9,0
16472,434,39,789.6,16.2,41.83,46.77,40.8,0
16473,164,28,470.83,42.46,32.66,33.49,34.61,0
16474,7,311,1871.34,91.75,90.4,70.49,79.25,1
16475,88,28,544.3,51.23,32.66,36.86,37.84,0
16476,431,24,350.35,16.65,28.77,25.41,25.04,0
16477,63,246,4320.02,58.53,86.76,86.74,82.51,1
16478,25,17,331.0,75.21,20.78,23.96,30.76,0
16479,10,35,300.83,87.92,38.89,20.8,35.93,0
16480,75,51,769.29,54.19,49.74,45.76,48.14,1
16481,682,16,453.38,2.11,19.57,32.62,24.39,0
16482,15,18,220.62,84.24,22.05,15.11,27.42,0
16483,192,19,139.35,39.55,23.43,7.57,16.81,0
16484,173,25,404.3,41.49,29.8,29.55,31.41,0
16485,77,142,2294.68,53.85,76.2,75.03,72.18,1
16486,537,7,134.36,9.75,7.81,6.85,7.56,0
16487,577,35,209.4,7.52,38.89,14.09,20.05,0
16488,33,29,498.8,70.06,33.69,34.71,39.72,0
16489,380,6,303.7,24.69,6.46,21.12,17.55,0
16490,436,13,205.41,15.84,15.88,13.74,14.66,0
16491,46,87,1533.16,64.59,64.63,65.55,65.15,1
16492,540,23,385.56,9.61,27.7,28.26,25.31,0
16493,79,110,2132.09,53.08,70.32,73.55,69.57,1
16494,296,47,826.53,30.87,47.28,48.1,45.29,0
16495,3,82,684.41,95.6,62.96,42.89,56.42,1
16496,8,138,2330.77,90.45,75.47,75.48,77.72,1
16497,49,337,6695.28,63.98,91.41,92.26,87.78,1
16498,161,15,100.97,42.78,18.32,3.55,13.57,0
16499,360,144,2578.34,27.57,76.51,77.48,69.72,1
16500,4,34,843.91,93.99,37.94,48.84,52.56,1
16501,383,181,1237.23,23.97,81.37,60.12,60.65,1
16502,620,41,266.5,5.19,43.2,18.59,23.47,0
16503,106,213,3614.34,48.79,84.09,83.92,78.7,1
16504,25,76,484.38,75.21,60.77,33.92,47.63,1
16505,31,4,777.6,71.35,4.04,46.22,38.18,0
16506,19,3,90.3,80.0,3.06,2.97,14.55,0
16507,572,37,152.76,7.81,40.31,8.83,17.49,0
16508,630,42,248.8,4.53,43.97,17.46,22.95,0
16509,296,13,363.7,30.87,15.88,26.59,24.23,0
16510,372,110,2079.75,26.46,70.32,72.97,65.25,1
16511,21,286,1817.02,79.01,89.08,69.77,76.56,1
16513,4,35,874.59,93.99,38.89,49.79,53.37,1
16515,52,229,3216.3,62.42,85.46,81.84,79.94,1
16516,30,6,101.7,72.08,6.46,3.66,14.71,0
16517,277,17,162.7,32.15,20.78,9.98,16.33,0
16518,61,68,959.37,58.9,57.72,52.82,55.11,1
16519,25,35,554.16,75.21,38.89,37.37,43.47,1
16520,186,351,2482.62,40.15,92.09,76.73,75.54,1
16521,415,234,1144.26,19.01,86.03,57.93,59.96,1
16522,435,18,433.36,16.02,22.05,31.49,26.53,0
16523,1,371,11916.33,98.82,92.82,96.38,95.75,1
16524,446,53,308.14,15.08,50.85,21.7,28.87,0
16525,2,353,24582.64,97.17,92.12,98.75,96.66,1
16526,171,35,717.21,41.81,38.89,44.1,42.3,0
16527,81,72,1272.44,52.55,59.38,60.89,59.21,1
16528,3,17,244.41,95.6,20.78,17.17,29.95,0
16529,190,128,2012.0,39.77,73.67,72.13,67.71,1
16530,668,3,48.35,2.74,3.06,1.03,1.85,0
16531,22,138,2298.33,78.0,75.47,75.07,75.62,1
16532,17,6,8756.64,82.05,6.46,94.38,67.91,1
16533,19,174,1095.56,80.0,80.47,56.68,66.84,1
16534,642,36,635.9,3.96,39.65,40.98,35.05,0
16535,5,66,981.59,92.78,56.84,53.35,60.24,1
16536,110,49,548.97,48.1,48.49,37.18,41.99,0
16537,641,2,10.55,4.03,2.16,0.15,1.3,0
16538,541,39,399.62,9.49,41.83,29.17,29.76,0
16539,2,131,3732.01,97.17,74.24,84.45,83.5,1
16540,414,25,226.7,19.17,29.8,15.55,20.08,0
16541,735,38,424.03,0.35,41.08,30.95,29.19,0
16542,53,14,257.32,61.89,17.13,18.11,24.4,0
16543,591,18,292.21,6.74,22.05,20.16,18.68,0
16544,519,10,376.7,10.67,11.83,27.44,20.56,0
16545,164,8,689.82,42.46,9.04,43.2,33.52,0
16546,290,88,5606.47,31.13,64.87,90.23,74.26,1
16547,546,25,111.71,9.2,29.8,4.65,12.37,0
16548,599,6,30.15,6.1,6.46,0.5,3.01,0
16549,10,2926,13182.19,87.92,99.85,96.96,96.41,1
16550,108,746,9429.23,48.37,97.76,94.96,88.76,1
16551,95,88,2237.12,50.05,64.87,74.49,68.13,1
16552,242,17,475.02,35.27,20.78,33.68,30.31,0
16553,163,292,16644.01,42.56,89.38,97.86,87.19,1
16554,42,167,2841.72,66.38,79.69,79.25,77.45,1
16555,35,66,1915.68,69.46,56.84,71.04,66.83,1
16556,66,482,8012.58,57.08,95.16,93.69,88.61,1
16557,24,11,281.85,76.03,13.32,19.51,26.26,0
16558,0,752,13873.51,100.0,97.8,97.18,97.78,1
16559,397,17,185.2,21.48,20.78,11.98,15.87,0
16560,26,198,3048.38,74.47,82.88,80.59,80.31,1
16561,5,31,511.12,92.78,35.52,35.29,43.98,1
16562,476,34,223.86,12.99,37.94,15.33,21.31,0
16563,53,89,4422.76,61.89,65.09,87.22,77.22,1
16564,569,5,87.8,7.95,5.13,2.8,4.23,0
16565,364,11,773.05,27.33,13.32,45.85,33.96,0
16566,15,18,614.66,84.24,22.05,40.09,41.66,0
16567,194,35,865.6,39.42,38.89,49.56,45.05,0
16568,427,5,1020.9,17.36,5.13,54.53,35.12,0
16569,3,35,1455.23,95.6,38.89,64.47,61.98,1
16570,15,241,7434.31,84.24,86.53,93.13,89.95,1
16571,26,255,4248.74,74.47,87.25,86.48,84.9,1
16572,127,57,1009.6,46.32,52.73,54.17,52.59,1
16573,84,42,663.61,52.17,43.97,42.04,44.1,0
16574,71,86,1301.78,55.84,64.29,61.6,61.49,1
16576,420,33,540.87,18.4,37.08,36.65,34.04,0
16577,666,23,380.0,2.9,27.7,27.67,23.96,0
16578,626,9,156.6,4.76,10.38,9.11,8.81,0
16579,425,14,295.05,17.51,17.13,20.35,19.02,0
16581,182,9,105.84,40.71,10.38,3.95,11.26,0
16582,113,6,313.62,47.75,6.46,22.3,21.68,0
16583,373,18,531.4,26.17,22.05,36.14,30.7,0
16584,80,82,3163.67,52.83,62.96,81.46,71.99,1
16585,593,18,341.59,6.52,22.05,24.71,21.24,0
16586,248,28,1462.78,34.71,32.66,64.58,51.16,0
16587,232,13,225.15,36.38,15.88,15.43,18.7,0
16588,386,71,1361.28,23.5,58.95,62.7,55.77,0
16589,71,44,612.36,55.84,45.43,39.94,43.86,0
16590,400,29,605.9,21.21,33.69,39.64,35.21,0
16591,68,10,213.5,56.5,11.83,14.37,19.98,0
16592,4,428,7807.91,93.99,94.21,93.51,93.78,1
16593,50,77,1071.14,63.46,61.07,55.91,58.49,1
16594,75,53,181.09,54.19,50.85,11.69,29.03,0
16595,61,443,1810.18,58.9,94.45,69.67,74.99,1
16596,15,24,579.63,84.24,28.77,38.59,42.68,1
16597,4,7,90.04,93.99,7.81,2.96,17.97,0
16598,285,10,145.05,31.49,11.83,8.01,12.61,0
16599,385,12,172.8,23.74,14.64,10.85,13.84,0
16600,4,143,2153.41,93.99,76.35,73.82,77.55,1
16601,40,66,683.08,66.89,56.84,42.77,50.33,1
16602,36,40,763.33,68.89,42.53,45.59,48.23,1
16603,74,34,482.47,54.56,37.94,33.89,38.12,0
16604,562,12,432.45,8.3,14.64,31.46,23.28,0
16605,724,1,60.48,1.23,0.86,1.47,1.26,0
16606,404,22,357.66,20.61,26.64,26.03,25.39,0
16607,17,298,5706.87,82.05,89.71,90.53,89.03,1
16608,453,116,1288.72,14.61,71.39,61.31,57.13,0
16609,15,276,5493.46,84.24,88.6,89.97,88.73,1
16610,219,6,75.66,36.92,6.46,2.14,8.56,0
16611,186,109,1785.13,40.15,70.07,69.38,65.19,1
16612,32,167,3245.43,70.68,79.69,81.99,79.65,1
16613,70,30,618.59,56.27,34.62,40.28,41.09,0
16614,182,49,1179.79,40.71,48.49,58.63,53.1,1
16615,626,19,291.5,4.76,23.43,20.1,18.73,0
16616,15,33,500.42,84.24,37.08,34.83,42.87,1
16617,235,5,151.85,36.02,5.13,8.73,11.82,0
16618,31,96,2647.59,71.35,67.09,78.08,73.99,1
16619,263,116,1938.33,33.43,71.39,71.34,65.67,1
16620,3,94,1758.93,95.6,66.55,68.98,72.3,1
16621,51,29,813.48,62.88,33.69,47.64,46.02,1
16622,543,12,225.4,9.34,14.64,15.46,14.31,0
16623,245,51,1015.24,35.05,49.74,54.34,50.16,0
16624,80,47,810.57,52.83,47.28,47.57,48.28,1
16625,274,99,1654.03,32.48,67.73,67.36,62.23,1
16626,0,179,4413.1,100.0,81.15,87.17,87.41,1
16627,79,20,322.8,53.08,24.59,23.19,28.06,0
16628,29,125,2318.1,72.9,73.09,75.32,74.33,1
16629,73,60,417.73,54.93,54.17,30.47,40.77,0
16630,407,4,106.8,20.28,4.04,4.05,6.48,0
16631,481,80,1892.52,12.64,62.26,70.75,59.65,0
16632,485,27,406.4,12.47,31.64,29.73,27.68,0
16633,17,152,2883.1,82.05,77.61,79.6,79.41,1
16634,222,83,1814.61,36.8,63.25,69.74,62.98,1
16635,406,25,473.0,20.44,29.8,33.56,30.54,0
16636,438,73,3802.04,15.56,59.71,84.86,67.42,1
16637,32,69,1154.47,70.68,58.13,58.03,59.96,1
16638,22,138,2430.53,78.0,75.47,76.3,76.32,1
16639,31,81,1747.98,71.35,62.63,68.88,67.5,1
16640,397,13,179.4,21.48,15.88,11.59,14.27,0
16641,105,36,554.5,49.0,39.65,37.39,39.76,0
16642,4,54,1077.45,93.99,51.38,56.07,60.44,1
16643,245,55,923.11,35.05,51.85,51.44,49.09,0
16644,177,62,833.78,41.09,55.13,48.41,49.19,0
16645,735,14,160.39,0.35,17.13,9.59,10.31,0
16646,449,29,678.8,14.91,33.69,42.58,35.94,0
16647,169,33,541.9,42.07,37.08,36.71,37.61,0
16648,42,37,672.8,66.38,40.31,42.36,45.39,1
16649,520,20,306.58,10.57,24.59,21.41,20.68,0
16650,71,98,1916.11,55.84,67.53,71.05,67.78,1
16651,586,6,136.2,6.98,6.46,7.26,6.99,0
16652,58,275,17550.39,60.26,88.55,98.09,89.74,1
16653,16,69,1212.66,83.19,58.13,59.55,62.7,1
16654,141,74,1711.47,44.7,60.03,68.3,62.45,1
16655,17,560,6548.37,82.05,96.19,91.99,91.67,1
16656,22,141,16833.17,78.0,76.03,97.9,88.79,1
16657,9,186,933.62,89.18,81.68,51.76,65.75,1
16658,368,61,804.07,26.8,54.63,47.42,46.35,0
16659,189,2,39.12,39.9,2.16,0.82,7.06,0
16660,16,22,1879.55,83.19,26.64,70.57,60.16,1
16661,540,60,986.63,9.61,54.17,53.47,47.09,0
16662,394,28,163.8,22.21,32.66,10.06,18.21,0
16663,729,1,165.0,0.89,0.86,10.2,6.19,0
16664,569,8,109.2,7.95,9.04,4.27,6.16,0
16665,362,9,135.4,27.43,10.38,7.07,11.05,0
16666,19,47,225.94,80.0,47.28,15.5,34.07,0
16667,68,52,570.13,56.5,50.28,38.11,44.28,0
16668,15,53,862.42,84.24,50.85,49.44,55.05,1
16669,23,151,1370.47,76.96,77.45,62.83,69.05,1
16670,16,485,8030.15,83.19,95.24,93.71,92.56,1
16671,28,6,1692.27,73.75,6.46,67.89,51.57,1
16672,2,114,8134.94,97.17,71.03,93.8,87.93,1
16673,679,19,188.83,2.26,23.43,12.37,13.95,0
16674,54,93,319.61,61.48,66.3,22.86,40.82,1
16675,441,22,608.86,15.46,26.64,39.78,32.45,0
16676,33,133,2361.9,70.06,74.49,75.65,74.49,1
16677,411,47,880.62,19.55,47.28,50.02,44.68,0
16678,2,163,3109.99,97.17,79.1,81.03,82.91,1
16679,366,18,793.06,27.02,22.05,46.94,36.98,0
16680,43,27,821.45,65.96,31.64,47.95,46.08,1
16681,72,49,1921.84,55.35,48.49,71.16,62.44,1
16682,4,30,1028.0,93.99,34.62,54.77,55.01,1
16683,533,18,320.25,9.99,22.05,22.92,20.74,0
16684,4,718,147142.77,93.99,97.53,99.86,98.33,2
16685,61,60,324.24,58.9,54.17,23.35,37.31,0
16686,47,1002,5070.92,64.23,98.84,89.05,88.07,1
16687,390,8,157.63,22.82,9.04,9.28,11.24,0
16688,1,62,1260.86,98.82,55.13,60.63,64.82,1
16689,75,13,422.6,54.19,15.88,30.84,30.16,0
16690,72,19,353.03,55.35,23.43,25.65,29.48,0
16691,418,11,178.83,18.56,13.32,11.47,13.05,0
16692,256,4,1764.7,34.09,4.04,69.05,45.61,0
16693,68,162,1199.46,56.5,78.96,59.26,64.36,1
16694,723,3,98.3,1.31,3.06,3.4,2.99,0
16695,561,30,193.15,8.41,34.62,12.76,18.23,0
16696,135,10,657.9,45.23,11.83,41.64,33.83,0
16697,241,20,112.75,35.39,24.59,4.85,14.96,0
16698,226,5,1998.0,36.59,5.13,72.02,47.98,0
16699,380,60,994.6,24.69,54.17,53.66,49.45,0
16700,8,515,9167.71,90.45,95.66,94.74,94.35,1
16701,8,274,9916.73,90.45,88.48,95.39,92.71,1
16702,415,90,1109.53,19.01,65.35,57.01,53.65,0
16704,618,51,695.66,5.35,49.74,43.32,39.42,0
16705,0,690,43515.05,100.0,97.37,99.35,98.89,1
16706,37,122,531.35,68.33,72.47,36.12,51.13,1
16707,400,65,551.11,21.21,56.46,37.25,40.22,0
16708,45,27,656.63,65.05,31.64,41.58,42.31,0
16709,84,297,9087.46,52.17,89.64,94.69,86.89,1
16710,19,893,6349.09,80.0,98.43,91.61,91.78,1
16711,3,33,2868.48,95.6,37.08,79.49,70.04,1
16712,9,500,4259.34,89.18,95.46,86.53,89.43,1
16713,18,1262,14560.69,80.97,99.38,97.4,95.49,1
16714,317,99,1514.8,29.39,67.73,65.26,60.57,1
16715,78,28,625.52,53.46,32.66,40.48,40.24,0
16716,266,8,2149.68,33.13,9.04,73.72,49.52,0
16717,23,350,6986.23,76.96,92.0,92.74,90.16,1
16718,369,168,3647.53,26.74,79.84,84.11,74.31,1
16719,14,387,3968.3,85.13,93.3,85.49,87.62,1
16720,26,136,603.48,74.47,75.09,39.44,54.68,1
16721,262,37,292.47,33.55,40.31,20.18,27.82,0
16722,17,378,8989.08,82.05,93.05,94.55,92.25,1
16723,91,110,1301.63,50.79,70.32,61.59,62.41,1
16724,404,17,147.35,20.61,20.78,8.23,13.6,0
16725,302,336,1880.66,30.53,91.36,70.61,70.41,1
16726,26,238,2088.41,74.47,86.26,73.05,76.96,1
16727,364,193,1437.42,27.33,82.37,64.11,63.71,1
16728,46,260,1054.67,64.59,87.66,55.38,65.8,1
16729,38,647,7236.6,67.87,96.99,93.01,90.36,1
16730,52,79,743.11,62.42,61.81,45.03,52.33,1
16731,648,40,174.05,3.67,42.53,10.97,18.71,0
16732,31,221,4387.64,71.35,84.8,87.03,84.05,1
16733,529,12,259.68,10.15,14.64,18.28,16.04,0
16734,52,47,650.51,62.42,47.28,41.39,46.19,1
16735,78,289,6270.56,53.46,89.23,91.47,85.14,1
16736,505,143,2956.56,11.33,76.35,80.04,68.7,1
16737,53,2,835.2,61.89,2.16,48.46,37.51,0
16738,297,1,3.75,30.77,0.86,0.04,4.88,0
16739,176,38,786.43,41.25,41.08,46.57,44.23,0
16740,395,30,236.81,21.91,34.62,16.56,22.42,0
16741,625,11,173.06,4.86,13.32,10.89,10.66,0
16742,492,97,2387.71,12.08,67.32,75.84,63.89,0
16743,29,367,4253.26,72.9,92.66,86.5,86.18,1
16744,11,235,1304.76,86.73,86.09,61.69,72.28,1
16745,86,351,7194.3,51.66,92.09,92.94,86.51,1
16746,4,974,18064.7,93.99,98.74,98.15,97.69,1
16747,37,42,836.06,68.33,43.97,48.51,50.21,1
16748,17,165,3637.33,82.05,79.31,84.04,82.42,1
16749,591,71,4387.08,6.74,58.95,87.01,67.11,0
16750,44,95,623.93,65.48,66.82,40.46,51.6,1
16751,30,24,1764.72,72.08,28.77,69.07,58.24,1
16752,372,9,415.0,26.46,10.38,30.19,24.09,0
16753,58,34,223.92,60.26,37.94,15.36,28.42,0
16754,372,140,67502.47,26.46,75.82,99.62,81.98,1
16755,114,317,2900.58,47.58,90.7,79.7,77.96,1
16756,214,79,1312.37,37.56,61.81,61.93,58.24,1
16757,318,15,270.48,29.28,18.32,18.8,20.24,0
16758,65,22,369.34,57.51,26.64,26.9,31.42,0
16759,7,42,789.79,91.75,43.97,46.79,52.74,1
16760,430,17,228.0,16.82,20.78,15.65,17.26,0
16761,96,13,316.62,49.81,15.88,22.59,24.8,0
16762,19,63,1501.38,80.0,55.62,64.97,64.61,1
16763,198,44,964.7,39.0,45.43,52.94,48.75,0
16764,3,692,2799.25,95.6,97.39,78.95,86.61,1
16765,294,52,454.75,30.99,50.28,32.72,37.38,0
16766,273,34,1145.6,32.59,37.94,57.96,48.55,0
16767,30,316,8069.45,72.08,90.67,93.73,89.63,1
16768,47,156,1708.12,64.23,78.22,68.2,70.41,1
16769,260,92,1141.75,33.86,65.96,57.81,56.5,1
16770,57,332,1932.13,60.75,91.23,71.26,75.27,1
16771,33,400,3939.1,70.06,93.66,85.37,85.4,1
16772,423,68,3723.55,17.81,57.72,84.42,66.95,1
16773,57,61,421.24,60.75,54.63,30.76,41.94,0
16774,67,128,1594.45,56.72,73.67,66.46,67.01,1
16775,10,258,3056.89,87.92,87.5,80.64,83.65,1
16776,60,109,619.85,59.32,70.07,40.31,51.5,1
16777,80,138,1307.76,52.83,75.47,61.76,64.26,1
16778,74,16,245.94,54.56,19.57,17.24,23.49,0
16779,2,1034,33268.24,97.17,98.92,99.13,98.78,1
16780,100,92,605.55,49.37,65.96,39.61,48.45,1
16781,372,39,934.25,26.46,41.83,51.79,45.2,0
16782,10,1605,10438.41,87.92,99.64,95.76,95.67,1
16783,436,25,391.95,15.84,29.8,28.71,27.08,0
16784,19,156,896.53,80.0,78.22,50.36,62.61,1
16785,409,35,533.78,19.93,38.89,36.31,34.58,0
16786,393,1,51.84,22.47,0.86,1.14,4.26,0
16787,397,112,1035.43,21.48,70.74,55.01,54.38,0
16788,123,471,1948.65,46.67,94.92,71.46,74.31,1
16789,8,5,80.8,90.45,5.13,2.48,16.42,0
16790,3,93,1545.62,95.6,66.3,65.74,70.38,1
16791,29,674,4025.94,72.9,97.23,85.7,87.01,1
16792,282,100,623.46,31.77,67.96,40.43,46.84,0
16793,57,16,243.84,60.75,19.57,17.09,24.33,0
16794,1,494,2088.89,98.82,95.35,73.07,83.17,1
16795,365,326,2492.39,27.19,90.99,76.79,73.33,1
16796,89,18,305.62,50.98,22.05,21.33,25.98,0
16797,393,397,1827.77,22.47,93.56,70.04,69.49,1
16798,554,168,848.71,8.68,79.84,49.04,51.61,0
16799,432,86,495.98,16.44,64.29,34.5,40.13,0
16800,11,148,1201.49,86.73,77.02,59.33,68.39,1
16801,163,75,1619.73,42.56,60.4,66.88,61.42,1
16802,679,52,582.61,2.26,50.28,38.65,36.45,0
16803,65,24,332.3,57.51,28.77,24.08,30.41,0
16804,23,60,536.99,76.96,54.17,36.52,47.53,1
16805,173,245,1082.24,41.49,86.71,56.27,62.58,1
16806,103,91,775.54,49.13,65.62,46.02,51.97,1
16807,142,142,2123.88,44.61,76.2,73.48,69.91,1
16808,99,23,288.42,49.55,27.7,19.92,26.55,0
16809,23,257,1727.43,76.96,87.44,68.57,75.11,1
16810,192,34,842.04,39.55,37.94,48.74,44.34,0
16811,4,28,547.07,93.99,32.66,37.1,44.39,1
16812,360,115,2392.0,27.57,71.21,75.91,67.34,1
16813,8,419,1692.98,90.45,94.04,67.93,78.62,1
16814,14,763,12489.81,85.13,97.89,96.72,95.31,1
16815,453,71,410.97,14.61,58.95,29.94,35.76,0
16816,103,28,417.06,49.13,32.66,30.38,33.83,0
16817,2,141,2804.9,97.17,76.03,79.03,80.91,1
16818,10,188,3349.57,87.92,81.88,82.6,83.2,1
16819,465,17,182.59,13.7,20.78,11.79,14.59,0
16820,95,26,497.61,50.05,30.75,34.62,35.85,0
16821,381,7,113.35,24.44,7.81,4.9,8.65,0
16822,686,11,181.39,1.93,13.32,11.72,10.7,0
16823,227,166,2260.09,36.5,79.48,74.81,70.37,1
16824,15,39,686.24,84.24,41.83,42.98,48.85,1
16825,38,64,1826.89,67.87,56.05,70.03,65.79,1
16826,51,22,341.7,62.88,26.64,24.74,30.99,0
16827,393,10,387.18,22.47,11.83,28.35,22.84,0
16828,112,7,113.5,47.93,7.81,4.94,12.19,0
16829,156,27,513.32,43.29,31.64,35.37,35.51,0
16830,38,75,1207.5,67.87,60.4,59.43,60.97,1
16831,564,6,91.8,8.13,6.46,3.07,4.78,0
16832,184,21,417.61,40.48,25.62,30.45,30.6,0
16833,1,92,2409.04,98.82,65.96,76.06,76.65,1
16834,227,48,898.96,36.5,47.9,50.46,47.65,0
16835,128,82,1538.41,46.13,62.96,65.6,61.94,1
16836,39,42,782.37,67.44,43.97,46.43,48.89,1
16837,31,165,3170.98,71.35,79.31,81.54,79.39,1
16838,197,59,1159.61,39.13,53.67,58.24,54.09,1
16839,8,350,22310.49,90.45,92.0,98.58,95.52,1
16840,603,9,139.85,5.94,10.38,7.59,8.12,0
16841,36,219,4006.06,68.89,84.6,85.56,82.79,1
16842,100,63,1264.19,49.37,55.62,60.71,57.59,1
16843,42,596,19571.43,66.38,96.6,98.29,93.03,1
16844,562,32,614.34,8.3,36.31,40.07,34.25,0
16845,618,20,253.88,5.35,24.59,17.81,17.84,0
16846,50,47,842.41,63.46,47.28,48.77,50.56,1
16847,43,37,614.89,65.96,40.31,40.12,44.05,1
16848,52,85,1411.62,62.42,63.91,63.52,63.46,1
16849,186,8,124.57,40.15,9.04,5.95,11.94,0
16850,333,19,332.41,28.37,23.43,24.09,24.55,0
16851,4,20,342.45,93.99,24.59,24.79,35.12,0
16852,10,9,144.91,87.92,10.38,7.98,20.64,0
16854,417,75,1408.96,18.74,60.4,63.45,55.89,0
16855,23,19,328.4,76.96,23.43,23.65,31.58,0
16856,14,19,358.49,85.13,23.43,26.09,34.2,0
16857,442,11,352.8,15.4,13.32,25.58,20.62,0
16858,368,125,4668.28,26.8,73.09,88.14,74.72,1
16859,144,110,1932.41,44.44,70.32,71.27,66.98,1
16860,452,43,1610.62,14.69,44.73,66.8,52.8,0
16861,59,49,946.59,59.82,48.49,52.27,52.35,1
16862,547,35,662.33,9.13,38.89,41.97,36.18,0
16863,31,47,998.52,71.35,47.28,53.74,54.58,1
16864,434,17,409.25,16.2,20.78,29.84,25.26,0
16865,401,15,130.95,20.99,18.32,6.53,12.0,0
16866,140,11,207.74,44.79,13.32,13.93,18.39,0
16867,689,6,76.74,1.8,6.46,2.26,3.36,0
16868,394,48,393.39,22.21,47.9,28.76,33.14,0
16869,22,126,825.42,78.0,73.33,48.09,59.64,1
16870,469,28,450.16,13.54,32.66,32.45,29.67,0
16871,22,137,2812.34,78.0,75.26,79.1,77.86,1
16872,77,18,1213.13,53.85,22.05,59.6,48.23,0
16873,4,512,14617.39,93.99,95.63,97.42,96.4,1
16874,379,31,217.74,24.95,35.52,14.85,22.15,0
16875,67,230,4234.53,56.72,85.55,86.4,81.71,1
16876,403,32,136.01,20.72,36.31,7.23,17.4,0
16877,12,155,853.72,85.84,78.08,49.21,62.79,1
16878,84,3,13.3,52.17,3.06,0.21,8.8,0
16880,30,179,1840.86,72.08,81.15,70.2,73.55,1
16881,66,1,432.0,57.08,0.86,31.43,26.72,0
16882,66,39,705.12,57.08,41.83,43.64,45.15,0
16883,187,265,2396.59,40.03,87.99,75.92,73.92,1
16884,37,72,1073.92,68.33,59.38,55.98,58.79,1
16885,15,126,709.49,84.24,73.33,43.85,58.16,1
16886,456,8,134.0,14.46,9.04,6.82,8.59,0
16887,35,100,660.72,69.46,67.96,41.9,53.33,1
16888,400,51,437.15,21.21,49.74,31.73,35.19,0
16889,194,216,2530.9,39.42,84.35,77.02,73.43,1
16890,476,18,277.91,12.99,22.05,19.24,19.09,0
16891,1,412,2056.82,98.82,93.94,72.73,82.58,1
16892,1,135,762.1,98.82,74.91,45.54,61.75,1
16893,366,84,401.35,27.02,63.56,29.29,38.54,0
16894,502,187,1324.06,11.47,81.78,62.12,60.03,0
16895,64,156,1121.42,58.01,78.22,57.28,63.25,1
16896,555,18,103.95,8.61,22.05,3.79,9.63,0
16897,299,37,289.78,30.67,40.31,20.03,27.3,0
16898,26,246,1016.37,74.47,86.76,54.43,66.49,1
16899,7,172,1721.02,91.75,80.21,68.46,75.24,1
16900,16,78,882.16,83.19,61.39,50.05,58.2,1
16901,729,23,204.26,0.89,27.7,13.6,15.64,0
16902,116,43,1706.88,47.29,44.73,68.16,58.47,1
16903,29,166,1062.28,72.9,79.48,55.66,64.91,1
16904,4,883,5113.57,93.99,98.39,89.17,92.47,1
16905,5,297,5031.65,92.78,89.64,88.96,89.72,1
16906,81,209,1447.95,52.55,83.8,64.34,68.02,1
16907,29,209,1707.9,72.9,83.8,68.18,73.26,1
16908,722,20,252.59,1.41,24.59,17.74,17.21,0
16909,72,18,379.14,55.35,22.05,27.58,30.2,0
16910,4,545,1510.06,93.99,95.98,65.21,78.14,1
16911,635,35,255.25,4.26,38.89,17.91,21.74,0
16912,28,172,4480.31,73.75,80.21,87.47,83.38,1
16913,290,18,423.91,31.13,22.05,30.93,28.47,0
16914,36,25,208.46,68.89,29.8,14.01,26.66,0
16915,9,74,1543.18,89.18,60.03,65.72,67.65,1
16916,23,196,1117.5,76.96,82.64,57.18,67.27,1
16917,276,46,1857.83,32.26,46.68,70.4,58.04,1
16918,49,443,3213.29,63.98,94.45,81.78,82.66,1
16919,156,614,5125.91,43.29,96.79,89.2,84.44,1
16920,411,23,355.45,19.55,27.7,25.82,25.41,0
16921,61,79,446.67,58.9,61.81,32.23,44.51,1
16922,572,122,611.08,7.81,72.47,39.87,44.19,0
16923,12,1049,13378.36,85.84,99.02,97.08,95.93,1
16924,21,80,846.75,79.01,62.26,48.96,57.19,1
16925,540,18,125.65,9.61,22.05,6.07,11.07,0
16926,371,93,1421.35,26.66,66.3,63.74,58.89,0
16927,115,6,543.05,47.45,6.46,36.83,29.92,0
16928,80,303,4013.78,52.83,89.97,85.63,81.92,1
16929,3,77,1295.39,95.6,61.07,61.45,66.47,1
16930,26,53,380.55,74.47,50.85,27.7,41.2,1
16931,5,939,5233.62,92.78,98.6,89.47,92.52,1
16932,53,126,440.71,61.89,73.33,31.97,48.04,1
16933,1,274,3181.25,98.82,88.48,81.61,86.12,1
16934,54,139,2110.99,61.48,75.65,73.33,72.2,1
16935,381,64,535.1,24.44,56.05,36.41,40.12,0
16936,25,137,551.17,75.21,75.26,37.27,53.6,1
16937,499,49,202.1,11.81,48.49,13.36,22.96,0
16938,8,817,7043.18,90.45,98.21,92.81,93.97,1
16939,488,39,449.0,12.27,41.83,32.33,31.98,0
16940,52,623,6427.66,62.42,96.84,91.81,88.81,1
16941,611,2,33.0,5.54,2.16,0.58,1.77,0
16942,12,272,1920.59,85.84,88.39,71.1,78.15,1
16943,211,33,816.73,37.99,37.08,47.78,43.31,0
16944,609,7,101.36,5.72,7.81,3.64,5.12,0
16945,21,474,8548.16,79.01,94.96,94.26,92.17,1
16946,383,75,1222.04,23.97,60.4,59.77,54.58,0
16947,235,52,946.71,36.02,50.28,52.29,49.29,0
16948,138,43,868.77,44.94,44.73,49.62,47.55,0
16949,3,60,1286.27,95.6,54.17,61.26,64.43,1
16950,56,141,3776.37,61.2,76.03,84.72,78.76,1
16951,134,86,1277.75,45.38,64.29,61.11,59.64,1
16952,109,85,798.78,48.23,63.91,47.2,52.03,1
16953,30,1,20.8,72.08,0.86,0.33,11.24,0
16954,0,206,6081.88,100.0,83.67,91.2,90.41,1
16955,184,50,1309.41,40.48,49.13,61.84,55.08,1
16956,17,16,308.74,82.05,19.57,21.75,30.19,0
16957,239,16,416.64,35.63,19.57,30.35,28.12,0
16958,435,69,809.44,16.02,58.13,47.56,45.79,0
16959,87,7,117.35,51.47,7.81,5.33,12.95,0
16960,38,429,2041.48,67.87,94.26,72.47,77.88,1
16961,116,52,794.56,47.29,50.28,47.01,47.97,0
16962,409,15,251.04,19.93,18.32,17.6,18.15,0
16963,187,7,110.55,40.03,7.81,4.39,10.69,0
16964,733,6,207.85,0.47,6.46,13.94,9.83,0
16965,226,25,192.07,36.59,29.8,12.66,21.05,0
16966,8,28,2154.97,90.45,32.66,73.84,64.8,1
16967,189,21,319.02,39.9,25.62,22.83,26.17,0
16968,4,31,439.43,93.99,35.52,31.89,42.22,1
16969,39,42,650.41,67.44,43.97,41.37,46.01,1
16970,626,2,71.4,4.76,2.16,1.9,2.4,0
16971,38,40,357.21,67.87,42.53,25.97,36.9,0
16972,382,75,786.25,24.17,60.4,46.55,47.07,0
16973,386,6,127.0,23.5,6.46,6.2,8.87,0
16974,522,8,365.5,10.41,9.04,26.74,19.34,0
16975,423,45,926.12,17.81,46.1,51.52,44.95,0
16976,267,2,251.52,32.96,2.16,17.65,15.61,0
16977,395,28,496.0,21.91,32.66,34.52,32.11,0
16978,77,67,768.88,53.85,57.27,45.75,50.19,1
16979,3,128,2859.74,95.6,73.67,79.37,80.21,1
16980,255,101,1473.33,34.18,68.21,64.68,61.09,1
16982,60,22,384.06,59.32,26.64,28.02,32.33,0
16983,12,228,3710.22,85.84,85.41,84.36,84.88,1
16984,88,1030,10754.8,51.23,98.89,95.88,90.03,1
16985,17,243,10923.16,82.05,86.6,95.98,91.27,1
16986,29,174,4888.75,72.9,80.47,88.67,84.01,1
16987,3,254,2513.95,95.6,87.16,76.97,82.62,1
16988,5,20,382.67,92.78,24.59,27.87,36.69,0
16989,7,12,1133.25,91.75,14.64,57.62,50.7,1
16990,218,2,344.0,37.1,2.16,24.91,20.37,0
16991,421,74,1041.21,18.19,60.03,55.14,50.97,0
16992,10,285,5476.5,87.92,89.03,89.95,89.39,1
16993,463,28,1950.95,13.95,32.66,71.48,51.98,0
16996,30,75,2123.61,72.08,60.4,73.46,69.6,1
16997,288,12,702.0,31.33,14.64,43.52,33.61,0
16998,149,6,402.0,44.02,6.46,29.34,25.14,0
16999,23,23,484.82,76.96,27.7,33.94,38.64,0
17000,396,29,406.3,21.65,33.69,29.72,29.62,0
17001,0,275,6640.8,100.0,88.55,92.19,92.34,1
17002,85,84,2571.55,51.9,63.56,77.39,69.7,1
17003,402,111,830.16,20.83,70.57,48.31,50.42,0
17004,46,69,2425.16,64.59,58.13,76.25,69.43,1
17005,470,17,742.36,13.44,20.78,44.98,33.47,0
17006,4,128,1636.32,93.99,73.67,67.17,73.01,1
17007,50,67,1120.1,63.46,57.27,57.25,58.19,1
17008,429,1,81.36,16.98,0.86,2.55,4.24,0
17009,551,10,242.06,8.82,11.83,16.95,14.3,0
17010,18,11,195.36,80.97,13.32,12.92,23.24,0
17011,30,28,671.7,72.08,32.66,42.33,44.08,1
17012,725,34,384.16,1.12,37.94,28.04,26.78,0
17014,8,71,586.33,90.45,58.95,38.79,52.19,1
17015,28,212,1842.56,73.75,84.01,70.28,74.65,1
17016,576,41,552.4,7.61,43.2,37.3,34.5,0
17017,2,378,14110.61,97.17,93.05,97.32,96.1,1
17018,40,37,2287.7,66.89,40.31,74.97,64.05,1
17019,11,610,3996.9,86.73,96.75,85.51,88.84,1
17020,542,69,935.62,9.41,58.13,51.85,47.24,0
17021,442,48,1182.22,15.4,47.9,58.75,49.21,0
17022,31,16,260.0,71.35,19.57,18.3,26.62,0
17023,417,49,800.18,18.74,48.49,47.3,43.35,0
17024,45,3,95.85,65.05,3.06,3.28,12.48,0
17025,60,37,1510.64,59.32,40.31,65.23,57.36,1
17026,185,5,208.98,40.31,5.13,14.06,15.5,0
17027,78,168,1327.11,53.46,79.84,62.15,65.8,1
17028,581,95,1593.83,7.27,66.82,66.44,57.67,0
17029,110,29,2137.3,48.1,33.69,73.58,58.59,1
17030,63,11,146.87,58.53,13.32,8.19,17.18,0
17031,11,50,2773.85,86.73,49.13,78.78,71.67,1
17032,603,232,2916.97,5.94,85.9,79.78,70.42,1
17033,86,40,1332.79,51.66,42.53,62.27,55.15,1
17034,16,58,1283.92,83.19,53.2,61.23,62.27,1
17035,245,33,613.59,35.05,37.08,40.04,38.46,0
17036,383,12,176.9,23.97,14.64,11.27,14.12,0
17037,87,75,1267.32,51.47,60.4,60.78,59.28,1
17038,30,63,743.17,72.08,55.62,45.04,52.06,1
17039,604,44,1954.99,5.89,45.43,71.55,54.39,0
17040,137,16,463.25,45.1,19.57,33.05,31.08,0
17041,26,123,1686.28,74.47,72.69,67.81,70.17,1
17042,2,97,1044.38,97.17,67.32,55.16,64.87,1
17043,32,196,2616.55,70.68,82.64,77.84,78.11,1
17044,25,149,11962.3,75.21,77.21,96.43,87.87,1
17045,113,52,827.68,47.75,50.28,48.17,48.7,1
17046,157,85,1906.07,43.1,63.91,70.98,64.82,1
17047,85,142,2289.23,51.9,76.2,75.0,71.87,1
17048,117,101,2071.68,47.16,68.21,72.9,67.72,1
17049,2,557,9947.48,97.17,96.13,95.44,95.89,1
17050,96,341,4391.66,49.81,91.57,87.06,82.73,1
17051,194,151,714.39,39.42,77.45,44.0,52.68,1
17052,28,72,413.75,73.75,59.38,30.13,44.86,1
17053,130,13,498.48,45.82,15.88,34.64,31.06,0
17054,28,83,1356.33,73.75,63.25,62.56,64.43,1
17055,445,24,239.55,15.16,28.77,16.73,19.86,0
17056,738,8,128.6,0.04,9.04,6.34,6.15,0
17057,596,47,288.79,6.37,47.28,19.96,25.57,0
17058,81,62,1179.89,52.55,55.13,58.65,56.75,1
17059,29,708,5602.53,72.9,97.47,90.21,89.65,1
17060,266,5,234.24,33.13,5.13,16.3,15.7,0
17061,73,99,5232.23,54.93,67.73,89.46,78.19,1
17062,313,118,1198.14,29.57,71.73,59.16,58.24,1
17063,21,205,3638.53,79.01,83.59,84.07,83.18,1
17064,58,60,859.35,60.26,54.17,49.35,52.34,1
17065,637,12,194.7,4.21,14.64,12.82,12.03,0
17066,726,17,228.34,1.0,20.78,15.67,14.9,0
17067,724,13,454.54,1.23,15.88,32.71,23.28,0
17068,12,988,9147.33,85.84,98.75,94.72,94.52,1
17069,28,284,5794.28,73.75,89.0,90.74,87.7,1
17070,114,103,445.32,47.58,68.68,32.18,44.71,1
17071,28,211,3801.2,73.75,83.93,84.84,82.92,1
17072,625,20,282.05,4.86,24.59,19.53,18.75,0
17073,17,170,1444.84,82.05,80.02,64.27,71.35,1
17074,562,4,203.05,8.3,4.04,13.48,10.06,0
17075,17,195,2241.73,82.05,82.54,74.52,77.89,1
17076,36,50,1242.75,68.89,49.13,60.22,58.41,1
17077,578,1,306.0,7.43,0.86,21.36,13.53,0
17078,36,27,375.86,68.89,31.64,27.38,34.8,0
17079,78,2,118.8,53.46,2.16,5.42,11.71,0
17080,22,33,957.53,78.0,37.08,52.7,52.12,1
17081,25,206,964.39,75.21,83.67,52.92,64.88,1
17082,33,170,4732.03,70.06,80.02,88.29,83.24,1
17083,109,115,4049.79,48.23,71.21,85.78,76.07,1
17084,35,279,5202.97,69.46,88.82,89.41,86.25,1
17085,123,968,7883.01,46.67,98.7,93.59,87.98,1
17086,7,96,2050.08,91.75,67.09,72.64,73.95,1
17087,737,12,221.53,0.14,14.64,15.21,12.79,0
17088,28,115,1991.01,73.75,71.21,71.91,71.99,1
17089,386,4,128.45,23.5,4.04,6.32,8.26,0
17090,4,89,3149.48,93.99,65.09,81.34,78.69,1
17091,2,452,7811.1,97.17,94.57,93.52,94.36,1
17092,50,376,5594.96,63.46,92.97,90.19,86.96,1
17093,592,13,235.88,6.62,15.88,16.46,14.82,0
17094,322,18,402.2,29.01,22.05,29.36,27.26,0
17095,22,137,2572.25,78.0,75.26,77.43,76.91,1
17096,15,202,3759.18,84.24,83.31,84.6,84.19,1
17097,2,266,1340.45,97.17,88.06,62.34,74.76,1
17098,381,18,591.07,24.44,22.05,38.86,31.99,0
17099,533,40,582.17,9.99,42.53,38.62,35.42,0
17100,18,65,971.74,80.97,56.46,53.06,58.2,1
17101,10,73,2507.05,87.92,59.71,76.95,73.77,1
17102,261,1,25.5,33.69,0.86,0.41,5.53,0
17103,722,32,424.3,1.41,36.31,30.96,28.03,0
17104,423,19,474.03,17.81,23.43,33.63,28.4,0
17105,159,90,665.78,42.89,65.35,42.17,48.77,1
17106,389,51,491.23,23.01,49.74,34.24,36.9,0
17107,33,652,16075.42,70.06,97.05,97.68,93.36,1
17108,663,9,174.95,2.98,10.38,11.06,9.66,0
17109,29,137,1295.46,72.9,75.26,61.47,67.04,1
17110,165,47,510.7,42.36,47.28,35.27,39.7,0
17111,47,48,476.58,64.23,47.9,33.75,42.28,0
17112,502,44,205.17,11.47,45.43,13.65,22.22,0
17113,574,154,2322.59,7.76,77.91,75.39,65.95,0
17114,5,120,808.62,92.78,72.09,47.51,61.18,1
17115,8,120,2761.49,90.45,72.09,78.62,78.57,1
17116,648,47,389.78,3.67,47.28,28.55,30.06,0
17117,288,9,116.2,31.33,10.38,5.31,10.64,0
17118,317,10,157.02,29.39,11.83,9.21,12.97,0
17119,3,35,606.91,95.6,38.89,39.68,47.85,1
17120,233,18,307.46,36.26,22.05,21.57,23.91,0
17121,402,12,314.74,20.83,14.64,22.44,20.01,0
17122,119,30,570.5,47.04,34.62,38.17,38.51,0
17123,161,42,966.67,42.78,43.97,53.01,48.94,0
17124,185,31,298.89,40.31,35.52,20.63,27.75,0
17125,50,34,259.35,63.46,37.94,18.25,30.55,0
17126,152,429,2062.94,43.72,94.26,72.83,74.46,1
17127,428,37,1155.03,17.16,40.31,58.05,46.95,0
17128,334,14,157.09,28.3,17.13,9.23,14.3,0
17129,520,2,31.85,10.57,2.16,0.55,2.5,0
17131,5,123,2463.17,92.78,72.69,76.49,77.87,1
17132,452,68,1272.8,14.69,57.72,60.91,53.08,0
17133,15,56,14622.33,84.24,52.27,97.44,82.81,1
17134,106,36,637.1,48.79,39.65,41.03,41.81,0
17135,16,139,1948.36,83.19,75.65,71.45,74.38,1
17136,662,14,231.68,3.03,17.13,16.08,14.42,0
17137,416,165,1133.63,18.91,79.31,57.64,57.9,0
17138,275,256,4417.27,32.37,87.36,87.18,79.01,1
17139,15,808,19584.46,84.24,98.02,98.31,96.12,1
17140,247,16,465.32,34.81,19.57,33.1,29.57,0
17141,418,161,754.33,18.56,78.86,45.37,50.73,0
17142,239,89,1283.75,35.63,65.09,61.21,58.46,1
17143,417,101,924.11,18.74,68.21,51.45,51.24,0
17144,1,48,984.57,98.82,47.9,53.42,58.68,1
17145,512,180,3120.91,10.92,81.28,81.15,70.65,1
17146,105,298,5860.24,49.0,89.71,90.84,84.25,1
17147,22,136,3199.95,78.0,75.09,81.73,79.31,1
17148,51,9,124.88,62.88,10.38,6.0,15.76,0
17149,451,6,143.1,14.76,6.46,7.83,8.48,0
17150,376,92,1375.65,25.42,65.96,62.94,58.15,0
17151,735,4,231.9,0.35,4.04,16.1,10.36,0
17152,194,16,2016.5,39.42,19.57,72.15,52.52,0
17153,24,14,213.78,76.03,17.13,14.41,24.41,0
17154,75,23,329.34,54.19,27.7,23.78,29.44,0
17155,17,70,892.46,82.05,58.52,50.29,57.36,1
17156,491,39,591.87,12.19,41.83,38.91,35.72,0
17157,7,141,5151.9,91.75,76.03,89.27,85.93,1
17158,32,113,1980.0,70.68,70.87,71.8,71.37,1
17159,21,130,2099.59,79.01,74.09,73.21,74.33,1
17160,31,651,10209.16,71.35,97.02,95.68,92.4,1
17161,444,52,856.01,15.21,50.28,49.32,44.47,0
17162,28,104,1715.46,73.75,68.94,68.37,69.34,1
17163,21,30,699.78,79.01,34.62,43.46,46.32,1
17164,32,144,2467.35,70.68,76.51,76.56,75.66,1
17165,284,100,1794.32,31.55,67.96,69.51,63.38,1
17166,38,12,206.34,67.87,14.64,13.86,22.18,0
17167,379,78,867.11,24.95,61.39,49.59,49.2,0
17168,498,21,400.2,11.89,25.62,29.22,25.61,0
17169,57,75,1156.73,60.75,60.4,58.1,59.14,1
17170,374,10,178.68,25.92,11.83,11.43,13.72,0
17171,289,25,384.59,31.22,29.8,28.11,29.05,0
17172,78,39,956.57,53.46,41.83,52.65,49.74,1
17173,5,86,3766.6,92.78,64.29,84.62,80.15,1
17174,217,4,59.9,37.33,4.04,1.44,7.55,0
17175,44,63,1443.69,65.48,55.62,64.23,62.01,1
17176,201,42,902.32,38.7,43.97,50.6,46.96,0
17177,505,29,119.5,11.33,33.69,5.47,14.25,0
17178,731,31,436.71,0.69,35.52,31.7,28.12,0
17179,178,155,1507.26,40.99,78.08,65.07,65.1,1
17180,56,395,2256.98,61.2,93.51,74.78,77.99,1
17181,57,28,465.37,60.75,32.66,33.12,37.14,0
17182,422,6,321.3,18.02,6.46,23.02,17.63,0
17183,7,73,3347.31,91.75,59.71,82.57,77.55,1
17184,569,14,198.41,7.95,17.13,13.14,13.48,0
17185,591,44,229.46,6.74,45.43,15.82,22.75,0
17186,46,2,144.0,64.59,2.16,7.89,14.79,0
17187,226,23,467.71,36.59,27.7,33.24,32.19,0
17188,11,172,4592.93,86.73,80.21,87.88,85.56,1
17189,106,119,957.63,48.79,71.93,52.73,57.52,1
17190,58,183,1741.2,60.26,81.54,68.75,71.05,1
17191,28,484,4836.05,73.75,95.19,88.52,88.17,1
17192,536,20,77.83,9.8,24.59,2.32,9.68,0
17193,35,44,2310.04,69.46,45.43,75.22,66.02,1
17194,360,56,776.66,27.57,52.27,46.12,45.06,0
17195,655,31,562.98,3.33,35.52,37.75,31.96,0
17196,427,84,352.9,17.36,63.56,25.62,35.0,0
17197,29,29,1013.01,72.9,33.69,54.25,51.29,1
17198,23,93,1213.88,76.96,66.3,59.64,64.1,1
17199,582,8,145.12,7.17,9.04,8.05,8.19,0
17200,387,25,356.71,23.3,29.8,25.89,26.6,0
17201,53,160,1231.54,61.89,78.8,60.01,65.56,1
17202,420,8,160.65,18.4,9.04,9.64,10.78,0
17203,35,259,5575.88,69.46,87.58,90.12,86.31,1
17204,175,177,5504.69,41.36,80.86,90.0,80.15,1
17205,53,35,999.35,61.89,38.89,53.76,50.82,1
17206,53,7,204.24,61.89,7.81,13.58,19.21,0
17207,652,54,302.37,3.53,51.38,21.0,26.89,0
17208,395,21,115.35,21.91,25.62,5.21,13.43,0
17209,649,37,611.6,3.59,40.31,39.88,34.56,0
17210,392,47,253.37,22.65,47.28,17.79,26.78,0
17211,26,338,4046.65,74.47,91.47,85.77,85.67,1
17212,253,29,794.41,34.38,33.69,46.98,41.37,0
17213,40,266,5182.3,66.89,88.06,89.35,85.62,1
17214,60,99,1069.12,59.32,67.73,55.88,59.71,1
17215,464,11,186.15,13.8,13.32,12.1,12.7,0
17216,554,13,65.05,8.68,15.88,1.69,6.71,0
17217,234,27,218.0,36.14,31.64,14.88,22.76,0
17218,4,465,4190.68,93.99,94.82,86.26,89.82,1
17219,31,48,259.13,71.35,47.9,18.2,34.49,0
17220,24,657,4475.85,76.03,97.1,87.46,88.44,1
17221,7,122,978.52,91.75,72.47,53.26,64.41,1
17222,65,109,1589.11,57.51,70.07,66.37,66.08,1
17223,310,67,803.53,29.95,57.27,47.39,47.54,0
17224,501,8,100.86,11.59,9.04,3.5,6.27,0
17225,581,5,131.15,7.27,5.13,6.54,6.26,0
17226,308,58,900.12,30.14,53.2,50.51,48.21,0
17227,18,110,2022.03,80.97,70.32,72.21,73.0,1
17228,15,324,3177.24,84.24,90.93,81.6,84.61,1
17229,96,47,318.76,49.81,47.28,22.8,33.7,0
17230,264,217,9924.95,33.29,84.46,95.4,83.02,1
17231,12,1151,7197.04,85.84,99.23,92.96,93.65,1
17232,2,35,421.52,97.17,38.89,30.79,43.02,1
17233,35,58,560.86,69.46,53.2,37.68,46.79,1
17234,182,14,149.89,40.71,17.13,8.49,15.74,0
17235,25,89,1904.88,75.21,65.09,70.95,69.95,1
17236,12,156,1929.26,85.84,78.22,71.22,75.37,1
17237,11,77,1002.08,86.73,61.07,53.88,60.82,1
17238,2,1092,7782.6,97.17,99.13,93.46,95.6,1
17239,312,32,1189.45,29.67,36.31,58.92,48.2,0
17240,596,7,130.6,6.37,7.81,6.49,6.84,0
17241,385,170,2744.14,23.74,80.02,78.54,70.73,1
17242,108,84,2889.28,48.37,63.56,79.63,70.44,1
17243,1,1040,20870.96,98.82,98.98,98.43,98.64,1
17244,53,118,1826.04,61.89,71.73,70.01,69.27,1
17245,204,24,371.63,38.47,28.77,27.07,29.25,0
17246,546,6,38.92,9.2,6.46,0.8,3.65,0
17247,15,53,282.19,84.24,50.85,19.55,38.02,1
17248,120,102,546.16,46.92,68.45,36.98,47.28,1
17249,428,27,68.03,17.16,31.64,1.76,12.44,0
17250,3,55,384.52,95.6,51.85,28.08,44.87,1
17251,362,77,812.43,27.43,61.07,47.59,48.34,0
17252,116,86,353.86,47.29,64.29,25.73,39.76,0
17253,18,18,178.26,80.97,22.05,11.4,24.82,0
17254,4,147,470.73,93.99,76.88,33.43,54.68,1
17255,40,173,799.13,66.89,80.33,47.22,59.44,1
17256,107,28,498.93,48.55,32.66,34.72,36.22,0
17257,436,14,192.73,15.84,17.13,12.71,14.42,0
17258,396,54,417.3,21.65,51.38,30.4,34.96,0
17259,148,221,1889.34,44.16,84.8,70.69,70.66,1
17260,411,6,120.95,19.55,6.46,5.6,7.94,0
17261,509,43,230.44,11.1,44.73,15.99,23.31,0
17262,52,19,2757.62,62.42,23.43,78.61,60.73,1
17263,208,23,63.44,38.17,27.7,1.64,14.42,0
17264,424,70,279.59,17.63,58.52,19.33,30.05,0
17265,138,118,562.9,44.94,71.73,37.73,48.33,1
17266,2,109,517.73,97.17,70.07,35.63,54.5,1
17267,127,37,317.62,46.32,40.31,22.66,31.15,0
17268,107,30,1733.89,48.55,34.62,68.66,56.11,1
17269,385,110,537.46,23.74,70.32,36.53,44.08,0
17270,469,46,604.4,13.54,46.68,39.52,37.63,0
17271,736,46,210.39,0.25,46.68,14.2,21.2,0
17272,42,114,2148.63,66.38,71.03,73.7,71.85,1
17273,424,12,141.12,17.63,14.64,7.72,11.15,0
17274,35,76,577.38,69.46,60.77,38.5,49.38,1
17275,383,23,114.52,23.97,27.7,5.06,14.23,0
17276,402,49,507.14,20.83,48.49,35.05,36.68,0
17277,227,69,1065.35,36.5,58.13,55.79,53.55,1
17278,241,17,271.24,35.39,20.78,18.87,21.88,0
17279,57,8,187.83,60.75,9.04,12.22,18.61,0
17280,438,6,118.86,15.56,6.46,5.43,7.24,0
17281,374,6,797.85,25.92,6.46,47.11,32.55,0
17282,130,199,2339.66,45.82,82.95,75.51,73.14,1
17283,378,15,188.46,25.21,18.32,12.32,15.93,0
17284,60,367,2563.7,59.32,92.66,77.31,78.91,1
17285,628,42,420.84,4.61,43.97,30.72,30.52,0
17286,21,90,395.48,79.01,65.35,28.9,46.62,1
17287,26,460,4111.96,74.47,94.75,86.06,86.75,1
17288,9,276,2499.98,89.18,88.6,76.88,82.01,1
17289,31,250,2079.39,71.35,86.93,72.95,76.62,1
17290,3,190,1440.96,95.6,82.08,64.2,73.92,1
17291,308,1,550.8,30.14,0.86,37.22,25.98,0
17292,472,14,271.75,13.26,17.13,18.97,17.6,0
17293,8,234,3774.23,90.45,86.03,84.69,85.93,1
17294,669,17,467.79,2.66,20.78,33.25,25.17,0
17295,28,68,556.95,73.75,57.72,37.51,48.61,1
17296,730,32,338.13,0.78,36.31,24.5,24.25,0
17297,17,49,131.78,82.05,48.49,6.65,29.67,0
17298,101,68,941.66,49.25,57.72,52.05,53.22,1
17299,11,107,1016.08,86.73,69.66,54.41,63.53,1
17300,390,43,393.64,22.82,44.73,28.81,32.37,0
17301,21,111,330.43,79.01,70.57,23.89,45.23,1
17302,14,79,1135.63,85.13,61.81,57.69,62.96,1
17303,361,53,250.04,27.51,50.85,17.55,28.37,0
17304,534,5,111.5,9.91,5.13,4.6,5.55,0
17305,648,9,2135.46,3.67,10.38,73.56,45.39,0
17306,10,72,9782.35,87.92,59.38,95.27,84.12,1
17307,395,48,3999.89,21.91,47.9,85.54,65.46,1
17308,393,7,4511.76,22.47,7.81,87.58,55.48,0
17309,95,34,330.59,50.05,37.94,23.92,31.77,0
17310,387,2,1025.1,23.3,2.16,54.63,35.24,0
17311,78,127,3566.56,53.46,73.5,83.66,76.29,1
17312,138,14,644.3,44.94,17.13,41.25,35.05,0
17313,31,24,2328.84,71.35,28.77,75.46,61.77,1
17314,24,256,4904.43,76.03,87.36,88.72,86.44,1
17315,1,736,9610.52,98.82,97.62,95.16,96.4,1
17316,420,35,124.45,18.4,38.89,5.91,17.02,0
17317,46,9,2600.34,64.59,10.38,77.68,56.87,1
17318,725,17,164.28,1.12,20.78,10.12,11.75,0
17319,669,3,29.1,2.66,3.06,0.44,1.51,0
17320,100,152,2895.77,49.37,77.61,79.67,74.54,1
17321,8,256,1741.18,90.45,87.36,68.73,77.21,1
17322,376,171,922.59,25.42,80.1,51.4,55.54,0
17323,15,327,1562.19,84.24,91.05,65.96,75.73,1
17324,17,144,2301.87,82.05,76.51,75.12,76.55,1
17325,280,39,609.57,32.01,41.83,39.82,39.21,0
17326,408,84,321.95,20.12,63.56,23.12,33.99,0
17327,409,4,152.35,19.93,4.04,8.77,9.12,0
17328,673,6,104.7,2.53,6.46,3.84,4.38,0
17329,14,104,1004.43,85.13,68.94,54.0,62.85,1
17330,22,8,423.8,78.0,9.04,30.91,31.85,0
17331,123,1,175.2,46.67,0.86,11.08,13.56,0
17332,528,92,827.77,10.23,65.96,48.19,47.47,0
17333,85,28,494.25,51.9,32.66,34.41,36.54,0
17334,302,31,635.15,30.53,35.52,40.96,37.87,0
17335,383,34,508.0,23.97,37.94,35.12,34.24,0
17336,472,1,81.12,13.26,0.86,2.49,3.65,0
17337,151,503,2026.42,43.83,95.51,72.28,74.52,1
17338,17,1229,12133.78,82.05,99.32,96.5,95.12,1
17339,94,10,362.36,50.29,11.83,26.47,25.94,0
17340,29,673,22404.82,72.9,97.21,98.6,94.36,1
17341,156,210,1889.83,43.29,83.86,70.71,70.28,1
17342,379,35,1227.54,24.95,38.89,59.91,48.78,0
17343,355,78,1259.94,27.92,61.39,60.61,55.93,0
17344,46,67,468.11,64.59,57.27,33.27,44.69,1
17345,15,197,1604.68,84.24,82.78,66.68,73.82,1
17346,3,886,5315.8,95.6,98.41,89.61,92.97,1
17347,86,1,228.96,51.66,0.86,15.76,16.98,0
17348,14,420,2464.31,85.13,94.09,76.5,82.72,1
17349,179,78,852.25,40.88,61.39,49.2,51.36,1
17350,8,137,1906.04,90.45,75.26,70.97,75.09,1
17351,36,68,1964.38,68.89,57.72,71.62,67.32,1
17352,696,5,36.25,1.61,5.13,0.72,2.09,0
17353,129,14,3242.0,45.96,17.13,81.94,58.39,1
17354,50,93,3143.46,63.46,66.3,81.29,74.42,1
17355,386,28,285.11,23.5,32.66,19.72,23.91,0
17356,311,86,946.47,29.8,64.29,52.26,52.26,0
17357,24,41,388.14,76.03,43.2,28.37,39.67,0
17358,303,144,866.05,30.42,76.51,49.57,54.24,1
17359,11,36,284.46,86.73,39.65,19.67,35.32,0
17360,17,220,1231.38,82.05,84.71,59.96,70.2,1
17361,49,55,880.64,63.98,51.85,50.03,52.63,1
17362,239,143,1024.04,35.63,76.35,54.61,57.85,1
17363,395,35,940.86,21.91,38.89,52.0,43.82,0
17364,0,878,11711.95,100.0,98.36,96.31,97.44,1
17365,12,763,8219.94,85.84,97.89,93.92,93.82,1
17366,432,128,1096.24,16.44,73.67,56.7,55.41,0
17367,238,33,168.4,35.78,37.08,10.53,21.75,0
17368,23,225,2826.14,76.96,85.15,79.2,80.53,1
17369,455,1,979.2,14.55,0.86,53.28,32.79,0
17370,72,33,446.18,55.35,37.08,32.19,37.04,0
17371,17,140,658.55,82.05,75.82,41.7,57.3,1
17372,40,634,4346.71,66.89,96.91,86.83,86.66,1
17373,40,91,1167.5,66.89,65.62,58.42,61.71,1
17374,218,42,727.11,37.1,43.97,44.46,43.22,0
17375,199,86,660.55,38.89,64.29,41.87,47.7,0
17376,70,55,453.64,56.27,51.85,32.66,41.57,0
17377,23,1677,18314.37,76.96,99.66,98.17,95.41,1
17378,374,1,10.95,25.92,0.86,0.17,4.23,0
17379,11,71,404.66,86.73,58.95,29.58,46.38,1
17380,434,10,645.0,16.2,11.83,41.29,29.28,0
17381,8,163,40002.37,90.45,79.1,99.3,92.32,1
17382,65,18,902.28,57.51,22.05,50.58,43.63,0
17383,4,51,309.99,93.99,49.74,21.84,40.47,1
17384,19,20,507.55,80.0,24.59,35.06,38.87,0
17385,14,42,261.11,85.13,43.97,18.37,35.55,0
17386,7,38,2812.77,91.75,41.08,79.12,70.36,1
17387,19,75,784.11,80.0,60.4,46.45,55.39,1
17388,77,52,2691.57,53.85,50.28,78.28,66.78,1
17389,0,429,57224.68,100.0,94.26,99.52,98.12,1
17390,420,12,149.3,18.4,14.64,8.42,11.66,0
17391,163,3,508.8,42.56,3.06,35.18,27.29,0
17392,306,67,620.56,30.23,57.27,40.38,43.59,0
17393,410,45,381.15,19.75,46.1,27.75,31.69,0
17394,219,4,203.87,36.92,4.04,13.53,14.38,0
17395,508,3,97.5,11.18,3.06,3.34,4.44,0
17396,39,46,8789.1,67.44,46.68,94.43,77.01,1
17397,22,133,1233.18,78.0,74.49,60.05,66.78,1
17398,114,38,653.38,47.58,41.08,41.52,42.31,0
17400,126,453,4677.05,46.49,94.59,88.16,83.71,1
17401,541,11,114.85,9.49,13.32,5.14,8.08,0
17402,4,177,5061.18,93.99,80.86,89.03,87.49,1
17403,36,45,400.57,68.89,46.1,29.24,39.91,0
17404,4,288,47638.12,93.99,89.17,99.4,95.73,1
17405,1,82,1031.41,98.82,62.96,54.9,63.75,1
17406,333,231,4905.05,28.37,85.74,88.74,78.84,1
17407,411,23,552.9,19.55,27.7,37.34,31.97,0
17408,163,8,316.09,42.56,9.04,22.51,21.74,0
17409,184,104,7793.51,40.48,68.94,93.49,78.66,1
17410,16,64,1214.72,83.19,56.05,59.65,62.18,1
17411,12,75,1425.38,85.84,60.4,63.91,66.22,1
17412,2,227,4417.52,97.17,85.31,87.2,88.17,1
17413,404,10,560.14,20.61,11.83,37.63,27.85,0
17414,43,21,2249.52,65.96,25.62,74.69,59.64,1
17415,79,14,507.84,53.08,17.13,35.1,32.76,0
17416,29,597,17298.45,72.9,96.62,97.97,93.83,1
17417,548,16,164.18,9.05,19.57,10.1,12.59,0
17418,42,42,670.06,66.38,43.97,42.28,46.36,1
17419,11,299,6500.52,86.73,89.79,91.9,90.53,1
17420,50,50,1084.43,63.46,49.13,56.32,55.38,1
17421,386,58,1059.41,23.5,53.2,55.55,50.09,0
17422,16,205,3594.76,83.19,83.59,83.75,83.62,1
17423,46,43,1118.95,64.59,44.73,57.21,54.82,1
17425,19,43,759.17,80.0,44.73,45.49,50.45,1
17426,8,427,8077.77,90.45,94.19,93.75,93.38,1
17427,71,2,100.8,55.84,2.16,3.49,10.97,0
17428,0,720,31819.76,100.0,97.56,99.08,98.79,1
17429,128,95,1357.46,46.13,66.82,62.61,61.32,1
17430,32,37,735.17,70.68,40.31,44.81,47.43,1
17431,313,41,403.3,29.57,43.2,29.48,33.33,0
17432,18,274,1751.39,80.97,88.48,68.92,76.2,1
17433,88,92,569.96,51.23,65.96,38.09,47.87,1
17434,2,134,2373.82,97.17,74.7,75.72,78.65,1
17435,411,15,331.35,19.55,18.32,24.01,21.75,0
17436,1,17,534.06,98.82,20.78,36.33,41.35,1
17437,529,52,373.17,10.15,50.28,27.24,31.13,0
17438,253,71,1422.77,34.38,58.95,63.81,58.03,1
17439,655,8,325.74,3.33,9.04,23.46,16.4,0
17440,156,6,323.58,43.29,6.46,23.27,21.57,0
17441,732,21,293.35,0.58,25.62,20.2,18.78,0
17442,36,283,4620.3,68.89,88.94,88.0,85.4,1
17443,219,1,534.24,36.92,0.86,36.35,26.5,0
17444,151,134,2389.1,43.83,74.7,75.89,70.75,1
17446,176,9,120.9,41.25,10.38,5.59,12.28,0
17447,40,36,541.53,66.89,39.65,36.69,42.05,0
17448,529,1110,14481.97,10.15,99.17,97.35,84.78,1
17449,2,568,4948.15,97.17,96.26,88.86,92.18,1
17450,8,420,246973.09,90.45,94.09,99.93,96.87,2
17451,1,100,1721.4,98.82,67.96,68.47,72.88,1
17453,17,19,486.72,82.05,23.43,34.02,38.26,0
17454,192,126,1547.94,39.55,73.33,65.76,63.94,1
17455,203,8,131.7,38.59,9.04,6.63,12.1,0
17456,365,60,1225.42,27.19,54.17,59.88,53.38,0
17457,126,64,5984.81,46.49,56.05,91.01,74.54,1
17458,15,84,529.58,84.24,63.56,36.04,50.98,1
17459,43,110,657.3,65.96,70.32,41.61,53.3,1
17460,94,137,2228.27,50.29,75.26,74.4,71.03,1
17461,22,106,757.46,78.0,69.4,45.42,57.02,1
17462,60,27,675.69,59.32,31.64,42.5,41.98,0
17463,16,310,2557.91,83.19,90.35,77.24,81.8,1
17464,158,39,1000.94,42.97,41.83,53.84,48.85,0
17465,425,142,2542.79,17.51,76.2,77.1,67.91,1
17466,10,41,763.28,87.92,43.2,45.57,51.26,1
17467,395,4,102.6,21.91,4.04,3.74,6.55,0
17468,10,8,194.8,87.92,9.04,12.83,23.03,0
17469,16,267,5051.25,83.19,88.12,88.98,87.87,1
17470,44,155,2804.87,65.48,78.08,79.02,76.72,1
17471,474,19,321.65,13.1,23.43,23.07,21.67,0
17472,191,217,935.1,39.67,84.46,51.83,59.14,1
17473,408,34,607.0,20.12,37.94,39.7,36.27,0
17474,599,6,1047.0,6.1,6.46,55.23,34.2,0
17475,79,14,194.37,53.08,17.13,12.8,20.05,0
17476,395,31,489.86,21.91,35.52,34.16,32.7,0
17477,612,44,1144.3,5.48,45.43,57.95,46.57,0
17478,408,40,1272.8,20.12,42.53,60.91,49.65,0
17479,632,18,389.26,4.41,22.05,28.5,23.08,0
17480,77,53,902.03,53.85,50.85,50.56,51.14,1
17481,3,82,1255.59,95.6,62.96,60.53,66.47,1
17482,487,51,778.19,12.34,49.74,46.24,42.13,0
17483,65,28,591.73,57.51,32.66,38.89,39.94,0
17484,576,14,209.57,7.61,17.13,14.17,14.01,0
17486,261,24,396.87,33.69,28.77,28.98,29.63,0
17487,728,8,160.55,0.96,9.04,9.62,8.16,0
17488,641,18,336.5,4.03,22.05,24.38,20.68,0
17489,58,29,376.64,60.26,33.69,27.43,34.1,0
17490,0,116,2750.5,100.0,71.39,78.59,79.79,1
17491,1,177,5981.07,98.82,80.86,90.99,89.33,1
17492,248,39,1122.42,34.71,41.83,57.33,49.6,0
17493,385,8,100.91,23.74,9.04,3.54,8.11,0
17494,501,3,54.7,11.59,3.06,1.26,3.32,0
17495,7,48,806.72,91.75,47.9,47.45,54.22,1
17496,358,72,1412.89,27.77,59.38,63.57,57.03,0
17497,390,7,287.25,22.82,7.81,19.87,16.94,0
17498,75,17,272.22,54.19,20.78,19.02,24.79,0
17499,289,71,1341.39,31.22,58.95,62.35,56.73,1
17500,17,5,1138.0,82.05,5.13,57.72,46.65,1
17501,220,18,288.6,36.85,22.05,19.94,23.07,0
17502,9,28,689.1,89.18,32.66,43.16,47.13,1
17503,2,38,558.96,97.17,41.08,37.56,47.49,1
17504,206,342,9565.12,38.27,91.6,95.13,85.61,1
17505,161,102,2435.48,42.78,68.45,76.35,69.1,1
17506,75,14,302.2,54.19,17.13,20.98,24.89,0
17507,261,87,605.58,33.69,64.63,39.63,45.74,0
17508,280,231,4579.23,32.01,85.74,87.83,78.87,1
17509,57,364,6115.14,60.75,92.54,91.25,87.04,1
17510,24,35,514.56,76.03,38.89,35.42,42.49,1
17511,2,1868,175603.55,97.17,99.71,99.9,99.44,2
17512,28,197,5467.82,73.75,82.78,89.94,85.51,1
17513,72,18,1158.8,55.35,22.05,58.19,47.64,0
17514,128,81,542.83,46.13,62.63,36.81,45.44,0
17515,31,178,1617.46,71.35,81.02,66.87,71.5,1
17516,15,188,957.55,84.24,81.88,52.72,65.61,1
17517,308,11,153.94,30.14,13.32,8.92,13.33,0
17518,425,76,329.42,17.51,60.77,23.8,33.21,0
17519,17,204,5109.47,82.05,83.49,89.13,86.49,1
17520,53,30,546.81,61.89,34.62,37.05,40.09,0
17521,29,78,1278.06,72.9,61.39,61.14,62.97,1
17522,1,69,1066.15,98.82,58.13,55.83,62.92,1
17523,11,32,652.74,86.73,36.31,41.47,46.82,1
17524,361,43,539.14,27.51,44.73,36.6,37.51,0
17525,359,26,1161.9,27.66,30.75,58.32,46.0,0
17526,4,92,4166.04,93.99,65.96,86.21,81.71,1
17527,53,47,939.37,61.89,47.28,51.9,52.1,1
17528,1,250,3628.5,98.82,86.93,83.97,87.03,1
17529,610,82,1240.25,5.63,62.96,60.17,52.77,0
17530,1,459,3136.92,98.82,94.74,81.22,87.64,1
17531,190,58,1266.82,39.77,53.2,60.77,55.5,1
17532,385,4,65.34,23.74,4.04,1.71,5.67,0
17533,434,1,34.8,16.2,0.86,0.62,3.03,0
17534,53,92,1668.83,61.89,65.96,67.52,66.24,1
17535,280,13,164.4,32.01,15.88,10.15,15.03,0
17536,177,16,364.83,41.09,19.57,26.67,26.85,0
17537,29,74,897.62,72.9,60.03,50.41,56.48,1
17538,25,9,98.42,75.21,10.38,3.42,16.14,0
17539,628,139,1211.57,4.61,75.65,59.52,55.8,0
17540,24,64,1590.6,76.03,56.05,66.39,64.94,1
17541,509,31,124.46,11.1,35.52,5.93,14.99,0
17542,269,62,341.7,32.74,55.13,24.74,34.45,0
17543,549,13,120.05,8.98,15.88,5.55,8.96,0
17544,390,80,960.69,22.82,62.26,52.84,50.97,0
17545,43,252,1448.54,65.96,87.05,64.35,70.95,1
17547,375,31,727.85,25.68,35.52,44.48,39.15,0
17548,233,34,731.26,36.26,37.94,44.63,41.5,0
17549,23,6,148.86,76.96,6.46,8.37,18.13,0
17550,197,301,2547.64,39.13,89.92,77.15,75.02,1
17551,359,39,306.84,27.66,41.83,21.43,28.08,0
17552,60,143,3085.29,59.32,76.35,80.88,76.38,1
17553,129,6,3757.6,45.96,6.46,84.59,56.92,1
17554,1,87,1952.45,98.82,64.63,71.51,73.68,1
17555,19,260,1057.74,80.0,87.66,55.49,68.17,1
17556,205,14,300.67,38.35,17.13,20.76,22.38,0
17557,14,35,575.46,85.13,38.89,38.47,45.59,1
17558,393,28,259.17,22.47,32.66,18.22,22.9,0
17559,512,12,167.62,10.92,14.64,10.44,11.69,0
17560,94,55,1895.8,50.29,51.85,70.81,62.42,1
17561,19,182,722.34,80.0,81.45,44.33,60.07,1
17562,14,63,1122.38,85.13,55.62,57.3,61.0,1
17563,578,29,392.38,7.43,33.69,28.73,26.92,0
17564,24,49,454.01,76.03,48.49,32.67,43.6,1
17565,586,30,131.83,6.98,34.62,6.66,14.54,0
17566,8,128,901.21,90.45,73.67,50.55,63.01,1
17567,7,196,5356.03,91.75,82.64,89.64,88.0,1
17568,633,61,382.79,4.35,54.63,27.89,31.85,0
17569,332,29,344.14,28.45,33.69,24.93,27.91,0
17571,50,305,1702.5,63.46,90.05,68.05,73.52,1
17572,71,32,723.01,55.84,36.31,44.38,43.84,0
17573,29,25,380.6,72.9,29.8,27.72,35.08,0
17574,242,8,185.65,35.27,9.04,12.01,14.67,0
17575,667,5,171.7,2.83,5.13,10.75,7.99,0
17576,8,877,9050.46,90.45,98.34,94.67,95.07,1
17577,645,21,348.75,3.86,25.62,25.26,22.15,0
17578,218,64,1047.33,37.1,56.05,55.25,52.75,0
17579,4,91,753.28,93.99,65.62,45.33,58.31,1
17580,252,93,542.32,34.51,66.3,36.77,44.7,0
17581,0,811,18757.75,100.0,98.09,98.26,98.47,1
17582,236,119,1450.7,35.9,71.93,64.41,62.24,1
17583,560,7,135.95,8.47,7.81,7.17,7.54,0
17584,7,124,5309.42,91.75,72.87,89.59,85.23,1
17585,109,379,2093.3,48.23,93.08,73.12,74.97,1
17586,619,8,167.4,5.26,9.04,10.41,9.25,0
17587,628,41,178.71,4.61,43.2,11.45,19.31,0
17588,100,71,2939.55,49.37,58.95,79.92,69.47,1
17589,60,1235,14018.2,59.32,99.33,97.25,92.14,1
17590,2,189,1477.97,97.17,81.96,64.76,74.44,1
17591,73,169,2776.67,54.93,79.95,78.81,75.55,1
17592,738,13,148.3,0.04,15.88,8.32,9.2,0
17593,3,403,8095.8,95.6,93.72,93.76,94.03,1
17594,85,104,2497.88,51.9,68.94,76.85,70.89,1
17595,12,82,388.79,85.84,62.96,28.47,46.73,1
17596,23,473,4920.67,76.96,94.94,88.82,88.76,1
17597,213,128,3484.09,37.68,73.67,83.37,73.8,1
17598,381,10,409.98,24.44,11.83,29.89,24.01,0
17599,477,3,52.05,12.88,3.06,1.2,3.47,0
17600,17,13,161.67,82.05,15.88,9.83,22.36,0
17601,239,68,421.06,35.63,57.72,30.74,39.03,0
17602,2,881,7451.13,97.17,98.38,93.16,95.23,1
17603,78,104,1793.48,53.46,68.94,69.46,66.92,1
17604,217,207,945.93,37.33,83.74,52.22,58.81,1
17605,590,13,160.75,6.83,15.88,9.65,10.98,0
17606,737,6,87.3,0.14,6.46,2.79,3.42,0
17607,376,22,333.81,25.42,26.64,24.21,25.07,0
17608,33,149,498.53,70.06,77.21,34.65,51.88,1
17609,40,364,1881.8,66.89,92.54,70.63,76.2,1
17610,540,148,1529.49,9.61,77.02,65.52,60.35,0
17611,7,1102,8321.98,91.75,99.15,94.04,95.12,1
17612,53,340,5394.86,61.89,91.54,89.82,86.11,1
17613,22,304,4559.15,78.0,90.0,87.75,86.92,1
17614,57,97,390.07,60.75,67.32,28.61,44.27,1
17615,130,54,733.2,45.82,51.38,44.72,46.75,0
17616,173,4,1060.8,41.49,4.04,55.64,39.07,0
17617,558,18,395.33,8.51,22.05,28.86,23.9,0
17618,5,350,4073.24,92.78,92.0,85.87,88.62,1
17619,312,71,218.52,29.67,58.95,14.92,29.46,0
17620,59,4,81.44,59.82,4.04,2.56,11.57,0
17621,21,66,3175.12,79.01,56.84,81.56,74.26,1
17622,597,38,1130.21,6.27,41.08,57.52,45.23,0
17623,32,193,2383.67,70.68,82.37,75.77,76.85,1
17624,14,97,1568.63,85.13,67.32,66.05,69.27,1
17625,18,658,6067.8,80.97,97.13,91.18,91.32,1
17626,602,18,254.0,6.01,22.05,17.82,17.23,0
17627,478,10,296.36,12.82,11.83,20.47,16.91,0
17628,81,5,75.75,52.55,5.13,2.15,10.55,0
17629,5,156,2455.52,92.78,78.22,76.44,79.39,1
17630,169,26,503.6,42.07,30.75,34.96,34.85,0
17631,1,69,998.49,98.82,58.13,53.73,61.72,1
17633,31,101,2057.39,71.35,68.21,72.74,71.27,1
17634,36,296,2361.97,68.89,89.58,75.67,78.55,1
17635,424,74,1265.58,17.63,60.03,60.73,54.07,0
17636,19,20,285.56,80.0,24.59,19.75,30.14,0
17637,31,35,547.06,71.35,38.89,37.08,42.73,1
17638,647,3,842.4,3.73,3.06,48.75,29.2,0
17639,276,79,615.17,32.26,61.81,40.17,45.04,0
17640,86,66,3168.94,51.66,56.84,81.53,70.14,1
17642,119,108,1824.49,47.04,69.87,69.96,66.5,1
17643,373,31,541.25,26.17,35.52,36.67,34.77,0
17644,1,327,6028.6,98.82,91.05,91.15,92.27,1
17646,219,196,4149.79,36.92,82.64,86.12,77.77,1
17647,65,12,331.66,57.51,14.64,24.04,26.43,0
17648,60,125,2216.37,59.32,73.09,74.27,71.69,1
17649,138,98,1578.89,44.94,67.53,66.22,63.39,1
17650,21,8,166.08,79.01,9.04,10.27,20.24,0
17651,11,332,5703.52,86.73,91.23,90.5,90.14,1
17652,25,259,4867.72,75.21,87.58,88.59,86.3,1
17653,36,44,1207.56,68.89,45.43,59.45,56.94,1
17654,277,22,117.55,32.15,26.64,5.35,15.33,0
17655,10,111,3652.48,87.92,70.57,84.16,80.92,1
17656,73,82,1674.69,54.93,62.96,67.58,64.39,1
17657,430,7,126.0,16.82,7.81,6.12,8.2,0
17658,25,19,595.42,75.21,23.43,39.05,40.1,0
17659,17,192,3834.79,82.05,82.22,84.95,83.75,1
17660,141,79,359.47,44.7,61.81,26.23,38.96,0
17662,661,15,412.92,3.09,18.32,30.06,22.73,0
17663,25,238,5175.83,75.21,86.26,89.32,86.35,1
17664,18,80,1166.23,80.97,62.26,58.41,62.87,1
17665,493,19,563.1,12.0,23.43,37.76,29.89,0
17666,3,44,2047.8,95.6,45.43,72.56,68.42,1
17667,66,230,3950.7,57.08,85.55,85.41,81.2,1
17668,1,15,347.75,98.82,18.32,25.15,34.29,0
17669,42,144,6142.35,66.38,76.51,91.3,83.42,1
17670,227,11,205.7,36.5,13.32,13.76,17.04,0
17671,15,75,2403.34,84.24,60.4,76.03,72.88,1
17672,50,205,5663.74,63.46,83.59,90.43,84.47,1
17673,1,496,4233.58,98.82,95.39,86.38,90.77,1
17674,74,27,851.7,54.56,31.64,49.15,45.06,0
17675,1,1116,38259.6,98.82,99.2,99.25,99.17,1
17676,4,148,2765.84,93.99,77.02,78.64,80.49,1
17677,1,685,36692.91,98.82,97.33,99.23,98.64,1
17678,263,28,599.76,33.43,32.66,39.22,36.51,0
17679,52,81,3577.61,62.42,62.63,83.68,74.6,1
17680,23,20,497.45,76.96,24.59,34.6,38.15,0
17681,597,14,731.2,6.27,17.13,44.62,31.17,0
17682,10,220,4456.78,87.92,84.71,87.37,86.71,1
17683,385,46,819.01,23.74,46.68,47.85,43.91,0
17684,43,15,239.41,65.96,18.32,16.68,24.53,0
17685,16,196,5943.17,83.19,82.64,90.91,87.44,1
17686,7,429,8296.81,91.75,94.26,93.98,93.73,1
17687,420,26,432.68,18.4,30.75,31.48,29.31,0
17688,393,19,304.2,22.47,23.43,21.14,21.98,0
17689,388,22,317.08,23.15,26.64,22.62,23.83,0
17690,30,356,7448.1,72.08,92.24,93.15,89.73,1
17691,358,43,780.05,27.77,44.73,46.31,43.09,0
17692,127,161,2960.44,46.32,78.86,80.08,74.67,1
17693,137,16,200.47,45.1,19.57,13.26,19.8,0
17694,141,81,1695.97,44.7,62.63,67.98,62.99,1
17695,131,61,1746.04,45.72,54.63,68.81,61.38,1
17696,38,365,7679.59,67.87,92.6,93.34,89.31,1
17697,236,19,338.95,35.9,23.43,24.57,25.95,0
17698,260,8,154.95,33.86,9.04,8.99,12.73,0
17699,476,19,442.0,12.99,23.43,32.01,26.75,0
17700,16,360,6679.97,83.19,92.35,92.21,90.9,1
17701,252,24,417.95,34.51,28.77,30.5,30.62,0
17702,30,153,3144.04,72.08,77.75,81.31,78.93,1
17703,35,78,1094.84,69.46,61.39,56.65,59.9,1
17704,168,31,885.19,42.2,35.52,50.12,44.84,0
17705,3,120,2083.9,95.6,72.09,73.0,76.14,1
17706,4,736,20749.98,93.99,97.62,98.39,97.52,1
17707,185,24,609.3,40.31,28.77,39.8,36.79,0
17708,187,73,887.93,40.03,59.71,50.15,51.31,1
17709,169,40,671.01,42.07,42.53,42.31,42.34,0
17710,423,20,293.5,17.81,24.59,20.22,21.08,0
17711,10,23,385.1,87.92,27.7,28.16,37.0,0
17712,44,29,522.91,65.48,33.69,35.87,39.7,0
17713,382,76,1198.09,24.17,60.77,59.14,54.35,0
17714,320,81,1410.18,29.07,62.63,63.47,58.07,1
17715,200,2,489.6,38.81,2.16,34.14,25.89,0
17716,22,601,15956.97,78.0,96.63,97.64,94.41,1
17717,421,26,376.92,18.19,30.75,27.46,26.99,0
17718,232,23,439.18,36.38,27.7,31.85,31.37,0
17719,37,274,5396.04,68.33,88.48,89.83,86.23,1
17720,26,132,2768.91,74.47,74.35,78.73,76.86,1
17721,659,11,307.21,3.2,13.32,21.5,16.46,0
17722,96,174,4430.36,49.81,80.47,87.27,79.75,1
17723,127,12,3378.4,46.32,14.64,82.71,58.19,1
17724,71,40,1033.0,55.84,42.53,54.96,51.61,1
17725,16,192,3439.08,83.19,82.22,83.15,82.9,1
17726,395,64,1092.06,21.91,56.05,56.54,51.21,0
17727,15,66,1060.25,84.24,56.84,55.59,60.24,1
17728,3,244,4238.76,95.6,86.66,86.43,87.87,1
17729,596,23,438.65,6.37,27.7,31.82,26.85,0
17730,3,314,7773.8,95.6,90.56,93.44,92.96,1
17731,79,99,1708.99,53.08,67.73,68.25,65.83,1
17732,372,122,2470.39,26.46,72.47,76.61,67.93,1
17733,38,35,692.19,67.87,38.89,43.23,45.71,1
17734,53,86,1442.32,61.89,64.29,64.22,63.89,1
17735,2,874,17244.93,97.17,98.33,97.95,97.94,1
17736,9,25,377.44,89.18,29.8,27.49,37.39,0
17737,9,10,168.24,89.18,11.83,10.49,22.67,0
17738,19,230,4183.56,80.0,85.55,86.23,85.1,1
17739,11,149,7730.59,86.73,77.21,93.4,87.87,1
17740,389,9,426.9,23.01,10.38,31.12,24.09,0
17741,406,6,101.1,20.44,6.46,3.58,6.91,0
17742,113,85,2098.48,47.75,63.91,73.19,66.78,1
17743,448,3,229.2,14.99,3.06,15.79,12.1,0
17744,3,151,2649.14,95.6,77.45,78.11,80.55,1
17745,477,28,600.34,12.88,32.66,39.27,33.46,0
17746,240,36,904.18,35.49,39.65,50.62,45.28,0
17747,112,1,71.4,47.93,0.86,1.9,8.51,0
17748,527,17,358.15,10.3,20.78,26.08,22.23,0
17749,178,57,1026.18,40.99,52.73,54.68,52.08,1
17750,5,176,1781.28,92.78,80.71,69.33,76.03,1
17751,421,31,157.86,18.19,35.52,9.33,17.99,0
17752,359,1,80.64,27.66,0.86,2.46,5.79,0
17753,464,66,390.56,13.8,56.84,28.62,34.3,0
17754,0,214,4577.53,100.0,84.18,87.82,88.62,1
17756,375,83,733.7,25.68,63.25,44.75,47.07,0
17757,1,1251,9418.5,98.82,99.37,94.94,96.76,1
17758,19,518,5012.53,80.0,95.69,88.93,89.48,1
17759,17,125,1275.66,82.05,73.09,60.99,67.53,1
17760,21,67,918.93,79.01,57.27,51.23,57.09,1
17761,32,19,712.78,70.68,23.43,43.92,42.19,0
17762,456,16,129.75,14.46,19.57,6.42,11.31,0
17763,263,14,86.15,33.43,17.13,2.77,11.39,0
17764,50,146,1623.64,63.46,76.79,66.97,69.19,1
17765,158,74,530.8,42.97,60.03,36.11,43.84,0
17766,381,21,299.61,24.44,25.62,20.73,22.66,0
17767,15,39,413.05,84.24,41.83,30.08,41.49,1
17768,8,172,3509.51,90.45,80.21,83.49,83.62,1
17769,12,571,7103.08,85.84,96.27,92.86,92.76,1
17770,198,38,1143.27,39.0,41.08,57.89,50.35,0
17771,56,66,386.93,61.2,56.84,28.33,41.25,0
17772,10,95,384.77,87.92,66.82,28.13,47.93,1
17773,514,48,585.27,10.82,47.9,38.76,37.13,0
17774,96,386,3327.05,49.81,93.26,82.43,80.57,1
17775,254,3,56.4,34.27,3.06,1.33,6.76,0
17776,386,77,337.3,23.5,61.07,24.44,34.55,0
17777,24,184,665.86,76.03,81.59,42.19,58.3,1
17778,661,10,197.7,3.09,11.83,13.12,11.26,0
17779,21,79,658.57,79.01,61.81,41.71,52.93,1
17780,667,78,352.91,2.83,61.39,25.63,32.22,0
17781,159,12,188.02,42.89,14.64,12.25,17.52,0
17782,382,29,679.02,24.17,33.69,42.6,37.34,0
17783,72,91,379.91,55.35,65.62,27.65,42.44,1
17784,550,19,112.86,8.92,23.43,4.89,10.68,0
17785,53,51,403.38,61.89,49.74,29.49,40.02,0
17786,85,62,278.74,51.9,55.13,19.31,34.23,0
17787,152,127,2601.47,43.72,73.5,77.7,71.43,1
17788,73,4,1112.95,54.93,4.04,57.06,41.89,0
17789,281,27,397.15,31.88,31.64,29.03,30.19,0
17790,26,295,2783.61,74.47,89.52,78.86,81.19,1
17791,29,10,106.1,72.9,11.83,3.98,16.52,0
17792,467,50,370.05,13.62,49.13,26.91,31.14,0
17793,25,49,323.04,75.21,48.49,23.22,38.1,0
17794,686,7,147.3,1.93,7.81,8.2,7.15,0
17795,179,44,350.39,40.88,45.43,25.43,33.35,0
17796,40,201,1361.99,66.89,83.21,62.71,69.08,1
17797,22,266,1985.87,78.0,88.06,71.89,77.33,1
17798,581,42,177.19,7.27,43.97,11.31,19.85,0
17799,22,867,6341.89,78.0,98.29,91.59,91.43,1
17800,37,99,1198.01,68.33,67.73,59.13,62.91,1
17801,451,78,798.33,14.76,61.39,47.16,46.29,0
17802,82,514,5053.12,52.33,95.64,89.0,85.36,1
17803,392,27,184.66,22.65,31.64,11.91,19.04,0
17804,376,90,385.23,25.42,65.35,28.2,38.18,0
17805,73,11,927.03,54.93,13.32,51.56,41.36,0
17806,11,43,546.04,86.73,44.73,36.96,46.6,1
17807,395,89,437.87,21.91,65.09,31.78,39.63,0
17808,548,33,262.64,9.05,37.08,18.44,22.25,0
17809,16,97,11337.39,83.19,67.32,96.17,86.15,1
17810,668,52,344.86,2.74,50.28,24.98,28.73,0
17811,4,1110,9603.1,93.99,99.17,95.15,96.1,1
17812,12,180,1165.89,85.84,81.28,58.39,68.92,1
17813,14,337,1770.88,85.13,91.41,69.14,77.77,1
17814,375,128,1617.32,25.68,73.67,66.85,62.58,1
17815,393,13,591.96,22.47,15.88,38.93,30.01,0
17816,36,45,112.32,68.89,46.1,4.75,25.95,0
17817,4,125,807.85,93.99,73.09,47.49,61.63,1
17818,737,42,130.18,0.14,43.97,6.46,16.01,0
17819,71,89,6612.52,55.84,65.09,92.11,79.1,1
17820,374,39,183.56,25.92,41.83,11.86,22.36,0
17821,406,6,334.62,20.44,6.46,24.23,18.69,0
17822,420,159,2179.65,18.4,78.67,74.01,66.97,1
17823,421,97,494.25,18.19,67.32,34.41,41.19,0
17824,51,13,298.4,62.88,15.88,20.59,25.62,0
17825,598,26,731.96,6.2,30.75,44.67,35.0,0
17826,374,33,134.59,25.92,37.08,6.9,18.21,0
17827,5,277,2388.05,92.78,88.67,75.85,81.98,1
17828,22,64,1165.09,78.0,56.05,58.36,60.66,1
17829,298,171,4756.74,30.7,80.1,88.35,77.39,1
17830,1,23,398.7,98.82,27.7,29.12,39.18,1
17831,33,2,35.4,70.06,2.16,0.65,11.48,0
17832,49,61,155.37,63.98,54.63,9.02,30.04,0
17833,723,28,342.36,1.31,32.66,24.76,23.46,0
17834,414,57,730.47,19.17,52.73,44.55,43.03,0
17835,2,59,350.64,97.17,53.67,25.44,44.11,1
17836,47,22,109.83,64.23,26.64,4.34,19.57,0
17837,42,159,1587.48,66.38,78.67,66.34,69.8,1
17838,26,251,6722.9,74.47,87.0,92.4,88.2,1
17839,42,50,338.8,66.38,49.13,24.56,37.71,0
17840,443,44,185.72,15.29,45.43,12.03,21.87,0
17841,1,12154,70858.77,98.82,100.0,99.64,99.62,2
17842,602,18,430.69,6.01,22.05,31.36,24.95,0
17843,303,57,318.48,30.42,52.73,22.77,32.31,0
17844,106,5,51.56,48.79,5.13,1.13,9.4,0
17845,555,47,598.19,8.61,47.28,39.15,36.85,0
17847,515,8,125.74,10.78,9.04,6.08,7.62,0
17848,81,158,3619.75,52.55,78.49,83.94,77.71,1
17849,218,50,1063.76,37.1,49.13,55.71,51.07,0
17850,372,2499,56600.08,26.46,99.78,99.5,88.62,1
17851,422,227,1563.34,18.02,85.31,65.98,64.2,1
17852,11,104,663.21,86.73,68.94,42.0,56.25,1
17853,407,104,1608.19,20.28,68.94,66.71,60.37,0
17854,185,115,1071.45,40.31,71.21,55.93,57.87,1
17855,372,17,417.94,26.46,20.78,30.49,27.16,0
17856,1,15,1418.03,98.82,18.32,63.65,56.23,1
17857,4,50,27104.74,93.99,49.13,98.92,84.24,1
17858,5,371,12797.65,92.78,92.82,96.8,95.09,1
17859,304,23,148.21,30.35,27.7,8.29,17.03,0
17860,368,156,1015.54,26.8,78.22,54.37,56.92,1
17861,3,544,5127.69,95.6,95.96,89.22,92.06,1
17862,323,95,1279.09,28.93,66.82,61.19,57.93,1
17863,59,255,5745.2,59.82,87.25,90.67,85.09,1
17864,12,121,924.32,85.84,72.23,51.49,62.45,1
17865,30,996,26372.29,72.08,98.8,98.89,94.84,1
17866,142,26,1134.95,44.61,30.75,57.67,48.17,0
17867,30,122,1599.95,72.08,72.47,66.58,69.05,1
17868,386,18,234.65,23.5,22.05,16.35,19.02,0
17869,107,79,1036.16,48.55,61.81,55.08,55.98,1
17870,2,261,3108.15,97.17,87.75,81.02,85.32,1
17871,204,79,1118.99,38.47,61.81,57.23,55.7,1
17872,381,15,235.87,24.44,18.32,16.44,18.17,0
17873,80,164,6386.5,52.83,79.2,91.7,82.37,1
17874,185,46,683.46,40.31,46.68,42.84,43.54,0
17875,688,25,167.1,1.86,29.8,10.32,14.51,0
17876,399,4,3424.02,21.39,4.04,83.01,51.65,0
17877,170,12,237.61,41.9,14.64,16.61,19.85,0
17878,43,82,1412.33,65.96,62.96,63.55,63.75,1
17879,173,6,178.52,41.49,6.46,11.41,14.54,0
17880,364,45,824.92,27.33,46.1,48.07,44.41,0
17881,304,8,133.35,30.35,9.04,6.77,10.94,0
17882,379,52,313.46,24.95,50.28,22.28,30.52,0
17883,3,169,995.85,95.6,79.95,53.67,67.32,1
17884,3,394,3067.89,95.6,93.49,80.72,86.53,1
17885,12,50,190.19,85.84,49.13,12.44,33.72,0
17886,31,163,1608.38,71.35,79.1,66.73,70.89,1
17887,129,10,111.35,45.96,11.83,4.58,12.82,0
17888,21,158,1820.44,79.01,78.49,69.84,73.64,1
17889,212,112,774.87,37.81,70.74,45.95,51.67,1
17890,322,90,602.09,29.01,65.35,39.34,45.07,0
17891,162,34,203.86,42.66,37.94,13.52,24.73,0
17892,56,28,244.1,61.2,32.66,17.12,28.09,0
17893,225,15,112.25,36.71,18.32,4.73,13.33,0
17894,71,399,2452.96,55.84,93.63,76.42,78.15,1
17895,44,15,98.0,65.48,18.32,3.38,16.88,0
17896,23,2,256.32,76.96,2.16,17.98,22.4,0
17897,172,246,2538.15,41.69,86.76,77.08,74.48,1
17898,85,50,299.18,51.9,49.13,20.66,33.32,0
17899,159,29,155.8,42.89,33.69,9.05,21.02,0
17900,190,6,112.2,39.77,6.46,4.72,10.46,0
17901,29,22,260.08,72.9,26.64,18.32,28.84,0
17902,546,24,216.4,9.2,28.77,14.69,17.81,0
17903,394,44,381.09,22.21,45.43,27.73,31.86,0
17904,21,33,191.67,79.01,37.08,12.59,29.41,0
17905,71,143,2373.02,55.84,76.35,75.7,72.9,1
17906,247,12,72.9,34.81,14.64,1.98,10.45,0
17907,640,13,291.76,4.09,15.88,20.11,16.52,0
17908,373,199,1411.54,26.17,82.95,63.5,63.35,1
17909,737,8,132.55,0.14,9.04,6.73,6.39,0
17910,726,25,261.7,1.0,29.8,18.39,18.98,0
17911,9,39,366.23,89.18,41.83,26.76,40.34,1
17912,310,49,372.55,29.95,48.49,27.14,33.54,0
17913,58,445,3475.44,60.26,94.51,83.34,83.0,1
17914,3,72,336.43,95.6,59.38,24.37,44.86,1
17915,551,27,242.13,8.82,31.64,16.97,19.85,0
17916,628,19,43.87,4.61,23.43,0.96,7.8,0
17917,45,88,341.28,65.05,64.87,24.69,41.99,1
17918,500,39,388.44,11.71,41.83,28.38,29.65,0
17919,88,40,1840.32,51.23,42.53,70.18,59.6,1
17920,4,1561,24492.66,93.99,99.62,98.74,98.27,1
17921,64,354,2423.5,58.01,92.14,76.21,77.94,1
17922,543,8,170.4,9.34,9.04,10.67,10.01,0
17923,282,3,497.0,31.77,3.06,34.59,25.34,0
17924,11,33,3536.7,86.73,37.08,83.56,71.02,1
17925,372,1,488.16,26.46,0.86,34.13,23.66,0
17926,133,44,1035.49,45.58,45.43,55.04,50.93,1
17927,721,10,294.0,1.48,11.83,20.3,15.11,0
17928,45,26,313.16,65.05,30.75,22.27,31.06,0
17929,11,15,3082.1,86.73,18.32,80.84,64.22,1
17930,35,87,4275.22,69.46,64.63,86.59,77.87,1
17931,134,346,3437.29,45.38,91.79,83.13,79.89,1
17932,29,90,1331.57,72.9,65.35,62.25,64.71,1
17933,632,11,105.99,4.41,13.32,3.96,6.65,0
17934,51,41,1049.15,62.88,43.2,55.3,53.05,1
17935,138,62,683.24,44.94,55.13,42.81,46.58,0
17936,5,68,389.84,92.78,57.72,28.57,46.36,1
17937,8,43,4301.22,90.45,44.73,86.64,75.48,1
17938,420,29,144.29,18.4,33.69,7.96,16.73,0
17939,159,12,99.14,42.89,14.64,3.43,12.49,0
17940,49,33,28475.98,63.98,37.08,98.99,76.4,1
17941,130,7,1433.28,45.82,7.81,64.06,45.58,0
17942,7,2,77.5,91.75,2.16,2.31,15.68,0
17944,423,24,75.41,17.81,28.77,2.1,11.93,0
17945,696,70,359.5,1.61,58.52,26.25,31.59,0
17946,233,18,149.58,36.26,22.05,8.46,16.43,0
17947,37,9,176.68,68.33,10.38,11.23,19.56,0
17948,147,1,358.56,44.28,0.86,26.11,21.77,0
17949,1,151,109147.48,98.82,77.45,99.76,93.37,1
17950,72,158,1432.81,55.35,78.49,64.05,66.79,1
17951,39,28,1636.08,67.44,32.66,67.16,57.54,1
17952,378,95,819.61,25.21,66.82,47.88,49.78,0
17953,540,19,150.32,9.61,23.43,8.53,12.86,0
17954,5,738,3963.5,92.78,97.66,85.48,89.98,1
17955,198,22,949.9,39.0,26.64,52.51,43.24,0
17956,249,1,12.75,34.64,0.86,0.19,5.54,0
17957,66,30,110.72,57.08,34.62,4.44,20.79,0
17958,116,36,973.88,47.29,39.65,53.11,48.47,0
17959,592,2,140.75,6.62,2.16,7.71,5.99,0
17960,171,37,135.08,41.81,40.31,6.99,21.54,0
17961,21,628,2995.54,79.01,96.86,80.28,84.73,1
17962,142,175,686.37,44.61,80.59,42.99,53.76,1
17963,471,106,651.51,13.35,69.4,41.44,45.06,0
17964,31,88,733.46,71.35,64.87,44.74,54.37,1
17965,37,810,7237.23,68.33,98.04,93.03,90.73,1
17966,37,113,1974.42,68.33,70.87,71.75,70.99,1
17967,371,60,357.29,26.66,54.17,25.99,33.98,0
17968,373,119,888.04,26.17,71.93,50.17,52.66,0
17969,166,201,2369.94,42.27,83.21,75.68,72.78,1
17970,211,27,582.59,37.99,31.64,38.64,36.58,0
17971,548,21,161.94,9.05,25.62,9.84,14.14,0
17972,241,30,136.04,35.39,34.62,7.25,19.13,0
17973,51,15,337.04,62.88,18.32,24.4,28.47,0
17974,24,324,1858.06,76.03,90.93,70.42,77.01,1
17975,15,458,7025.53,84.24,94.71,92.77,92.04,1
17976,372,56,706.38,26.46,52.27,43.68,43.5,0
17977,29,102,1565.63,72.9,68.45,66.01,67.73,1
17978,365,66,1461.76,27.19,56.84,64.54,56.78,0
17979,35,126,754.31,69.46,73.33,45.35,56.8,1
17980,165,57,1033.42,42.36,52.73,54.97,52.45,1
17981,410,17,239.12,19.75,20.78,16.66,18.28,0
17982,680,13,138.18,2.2,15.88,7.45,9.02,0
17983,395,23,171.71,21.91,27.7,10.77,17.18,0
17984,145,224,1187.77,44.37,85.06,58.89,64.04,1
17985,22,20,634.95,78.0,24.59,40.94,41.92,0
17986,56,1,20.8,61.2,0.86,0.33,9.61,0
17987,185,153,1003.64,40.31,77.75,53.93,58.56,1
17988,11,121,485.69,86.73,72.23,33.97,52.6,1
17989,379,26,228.83,24.95,30.75,15.7,21.3,0
17990,236,57,1527.61,35.9,52.73,65.48,57.47,1
17991,225,37,318.9,36.71,40.31,22.81,29.8,0
17992,389,49,254.13,23.01,48.49,17.86,27.21,0
17993,617,60,235.19,5.42,54.17,16.4,25.33,0
17994,121,302,2307.32,46.86,89.95,75.19,75.07,1
17995,281,29,495.48,31.88,33.69,34.48,33.87,0
17996,379,64,469.73,24.95,56.05,33.39,38.47,0
17997,74,163,1970.67,54.56,79.1,71.72,71.21,1
17998,380,58,639.24,24.69,53.2,41.06,42.01,0
17999,37,130,730.9,68.33,74.09,44.6,56.42,1
18000,564,6,124.25,8.13,6.46,5.89,6.38,0
18001,12,129,953.84,85.84,73.91,52.56,63.53,1
18002,375,52,243.17,25.68,50.28,17.04,27.64,0
18003,376,23,358.61,25.42,27.7,26.13,26.46,0
18004,362,32,169.47,27.43,36.31,10.61,20.33,0
18005,3,52,249.72,95.6,50.28,17.52,38.4,1
18006,23,61,997.86,76.96,54.63,53.71,57.45,1
18007,392,46,220.32,22.65,46.68,15.07,25.06,0
18008,70,93,19787.13,56.27,66.3,98.33,83.05,1
18009,235,176,2155.83,36.02,80.71,73.86,70.1,1
18010,256,14,174.8,34.09,17.13,11.03,16.2,0
18011,373,63,527.03,26.17,55.62,35.97,40.0,0
18012,723,13,115.3,1.31,15.88,5.18,7.6,0
18013,155,31,187.29,43.45,35.52,12.15,23.39,0
18014,28,28,158.47,73.75,32.66,9.4,25.57,0
18015,4,46,120.03,93.99,46.68,5.54,30.33,0
18016,32,169,1960.46,70.68,79.95,71.57,73.78,1
18017,81,4,688.0,52.55,4.04,43.08,33.57,0
18018,108,43,297.99,48.37,44.73,20.56,31.5,0
18019,51,5,38.45,62.88,5.13,0.79,11.32,0
18020,543,12,190.48,9.34,14.64,12.51,12.63,0
18021,509,32,227.06,11.1,36.31,15.58,20.72,0
18022,35,368,1651.16,69.46,92.72,67.34,74.77,1
18024,152,21,389.78,43.72,25.62,28.55,30.0,0
18025,379,111,1177.72,24.95,70.57,58.6,56.9,0
18026,500,16,2074.07,11.71,19.57,72.93,48.81,0
18027,98,21,115.31,49.68,25.62,5.19,17.59,0
18028,583,4,192.05,7.11,4.04,12.65,9.41,0
18029,642,18,433.77,3.96,22.05,31.53,24.74,0
18030,4,9,230.65,93.99,10.38,16.03,26.14,0
18031,378,49,462.1,25.21,48.49,33.0,36.17,0
18032,334,5,73.5,28.3,5.13,2.02,6.84,0
18033,65,32,97.97,57.51,36.31,3.37,20.71,0
18034,21,203,792.85,79.01,83.41,46.92,61.95,1
18035,35,53,1276.74,69.46,50.85,61.06,59.46,1
18036,32,319,1563.64,70.68,90.76,65.99,73.63,1
18037,154,33,167.42,43.61,37.08,10.42,22.87,0
18038,556,25,149.41,8.54,29.8,8.44,14.44,0
18039,374,155,579.17,25.92,78.08,38.53,47.71,0
18040,19,19,357.2,80.0,23.43,25.96,33.36,0
18041,11,812,8752.38,86.73,98.12,94.36,94.27,1
18042,53,16,281.15,61.89,19.57,19.46,25.86,0
18043,24,110,875.97,76.03,70.32,49.87,59.52,1
18044,4,200,3505.61,93.99,83.08,83.44,84.92,1
18045,45,43,189.4,65.05,44.73,12.39,29.34,0
18046,649,26,189.63,3.59,30.75,12.42,16.23,0
18047,381,75,342.69,24.44,60.4,24.81,34.72,0
18048,203,58,401.73,38.59,53.2,29.32,37.4,0
18049,437,81,556.1,15.68,62.63,37.47,41.25,0
18050,359,23,412.06,27.66,27.7,30.01,29.01,0
18051,634,55,2282.28,4.3,51.85,74.95,57.88,0
18052,564,16,10877.18,8.13,19.57,95.95,61.39,0
18053,70,32,571.07,56.27,36.31,38.24,40.41,0
18054,392,11,176.5,22.65,13.32,11.19,13.51,0
18055,7,529,11195.57,91.75,95.85,96.09,95.37,1
18056,288,30,554.6,31.33,34.62,37.41,35.71,0
18057,393,125,1182.39,22.47,73.09,58.78,57.34,0
18058,9,16,774.06,89.18,19.57,45.9,45.02,1
18059,23,18,306.46,76.96,22.05,21.38,29.9,0
18060,408,75,1185.46,20.12,60.4,58.83,53.47,0
18061,21,122,6488.97,79.01,72.47,91.88,84.52,1
18062,173,54,1632.67,41.49,51.38,67.12,58.87,1
18063,390,3,186.6,22.82,3.06,12.12,11.19,0
18064,133,63,4495.03,45.58,55.62,87.49,72.28,1
18065,5,309,5846.63,92.78,90.31,90.82,90.97,1
18066,75,53,1440.4,54.19,50.85,64.18,58.95,1
18067,40,36,396.33,66.89,39.65,28.93,37.63,0
18068,289,1,101.7,31.22,0.86,3.67,7.02,0
18069,26,955,4524.66,74.47,98.68,87.61,88.74,1
18070,669,9,314.1,2.66,10.38,22.37,16.06,0
18071,257,71,1428.63,34.0,58.95,63.98,58.07,1
18072,185,18,247.44,40.31,22.05,17.4,22.14,0
18073,114,71,3877.52,47.58,58.95,85.13,72.17,1
18074,373,43,1509.04,26.17,44.73,65.14,53.58,0
18075,23,323,5783.29,76.96,90.91,90.72,88.71,1
18076,380,8,151.49,24.69,9.04,8.7,11.19,0
18077,8,350,4338.56,90.45,92.0,86.81,88.81,1
18078,217,72,844.6,37.33,59.38,48.86,50.07,0
18079,45,133,4242.75,65.05,74.49,86.45,79.89,1
18080,18,2,1231.5,80.97,2.16,59.98,46.94,1
18081,36,17,343.45,68.89,20.78,24.85,30.31,0
18082,25,62,703.37,75.21,55.13,43.59,51.56,1
18083,397,36,470.73,21.48,39.65,33.43,33.38,0
18084,16,7,812.93,83.19,7.81,47.61,41.8,0
18085,330,62,1645.75,28.6,55.13,67.31,58.09,0
18086,274,7,101.34,32.48,7.81,3.62,9.12,0
18087,290,87,13908.72,31.13,64.63,97.2,78.17,1
18088,61,35,167.67,58.9,38.89,10.46,25.69,0
18089,446,9,428.45,15.08,10.38,31.2,22.95,0
18090,421,47,349.4,18.19,47.28,25.32,30.4,0
18091,593,25,360.85,6.52,29.8,26.36,24.35,0
18092,2,140,16179.44,97.17,75.82,97.69,91.49,1
18093,93,61,4452.71,50.41,54.63,87.35,72.65,1
18094,81,126,6391.52,52.55,73.33,91.73,80.7,1
18095,312,48,2303.09,29.67,47.9,75.14,60.69,1
18096,11,346,1785.57,86.73,91.79,69.4,78.27,1
18097,7,156,4663.32,91.75,78.22,88.11,85.88,1
18098,396,85,550.84,21.65,63.91,37.24,42.37,0
18099,127,19,168.31,46.32,23.43,10.51,19.5,0
18100,550,30,451.56,8.92,34.62,32.55,29.59,0
18101,11,106,629.16,86.73,69.4,40.67,55.62,1
18102,0,1040,608821.65,100.0,98.98,100.0,99.72,2
18103,549,10,105.8,8.98,11.83,3.93,6.9,0
18104,37,38,754.64,68.33,41.08,45.39,47.62,1
18105,37,18,113.48,68.33,22.05,4.92,19.23,0
18106,329,186,1461.46,28.67,81.68,64.52,63.95,1
18107,442,38,167.13,15.4,41.08,10.34,19.71,0
18108,254,47,848.81,34.27,47.28,49.06,46.34,0
18109,1,643,9893.96,98.82,96.96,95.35,96.32,1
18110,19,62,435.43,80.0,55.13,31.61,45.45,1
18111,589,27,405.85,6.89,31.64,29.67,26.8,0
18112,12,61,775.96,85.84,54.63,46.07,54.43,1
18113,368,1,152.64,26.8,0.86,8.8,9.28,0
18114,290,28,220.1,31.13,32.66,15.05,22.4,0
18115,697,3,9.7,1.58,3.06,0.14,1.17,0
18116,67,559,2150.7,56.72,96.16,73.77,77.48,1
18117,25,67,319.47,75.21,57.27,22.85,40.34,1
18118,10,1415,6730.82,87.92,99.52,92.43,93.74,1
18119,367,29,362.24,26.89,33.69,26.45,28.54,0
18120,214,17,111.15,37.56,20.78,4.56,14.05,0
18121,149,30,673.1,44.02,34.62,42.38,40.45,0
18122,8,338,1824.99,90.45,91.47,69.99,79.08,1
18123,24,56,684.59,76.03,52.27,42.93,50.51,1
18124,472,20,111.53,13.26,24.59,4.61,11.5,0
18125,29,187,1142.99,72.9,81.78,57.86,66.81,1
18126,60,51,204.49,59.32,49.74,13.62,30.59,0
18127,19,64,561.53,80.0,56.05,37.7,49.18,1
18128,537,42,420.04,9.75,43.97,30.66,31.25,0
18129,243,13,112.55,35.17,15.88,4.82,12.47,0
18130,15,70,1059.39,84.24,58.52,55.54,60.68,1
18131,631,4,222.96,4.48,4.04,15.29,10.52,0
18132,504,60,226.9,11.41,54.17,15.57,25.75,0
18133,212,1,931.5,37.81,0.86,51.73,35.4,0
18134,598,28,445.0,6.2,32.66,32.14,28.4,0
18135,29,36,1249.62,72.9,39.65,60.41,56.47,1
18136,63,88,1631.36,58.53,64.87,67.09,65.18,1
18137,551,27,145.99,8.82,31.64,8.13,14.82,0
18138,295,8,152.65,30.93,9.04,8.82,12.2,0
18139,17,159,8438.34,82.05,78.67,94.12,87.99,1
18140,473,49,536.41,13.16,48.49,36.5,36.36,0
18141,401,42,882.47,20.99,43.97,50.07,44.0,0
18142,157,15,1019.52,43.1,18.32,54.51,42.67,0
18143,116,61,1000.16,47.29,54.63,53.79,53.05,1
18144,7,84,5058.0,91.75,63.56,89.01,82.3,1
18145,12,398,5617.79,85.84,93.59,90.29,90.55,1
18146,140,10,160.35,44.79,11.83,9.57,15.49,0
18147,45,7,179.34,65.05,7.81,11.55,18.53,0
18148,646,9,114.1,3.79,10.38,4.97,6.31,0
18149,50,88,1624.71,63.46,64.87,67.02,65.88,1
18150,32,37,566.58,70.68,40.31,37.88,43.48,1
18151,134,106,1879.44,45.38,69.4,70.56,66.46,1
18152,646,10,426.69,3.79,11.83,31.1,21.61,0
18153,659,17,246.22,3.2,20.78,17.26,16.14,0
18154,3,47,932.6,95.6,47.28,51.74,57.07,1
18155,75,25,371.62,54.19,29.8,27.05,31.89,0
18156,12,118,941.17,85.84,71.73,52.03,62.62,1
18157,571,25,215.35,7.87,29.8,14.54,17.81,0
18158,9,34,453.4,89.18,37.94,32.64,42.6,1
18159,301,23,530.15,30.63,27.7,36.09,32.92,0
18160,57,65,1003.88,60.75,56.46,53.95,55.67,1
18161,15,93,1803.1,84.24,66.3,69.62,70.88,1
18162,732,45,379.16,0.58,46.1,27.6,28.72,0
18163,584,33,728.84,7.04,37.08,44.5,36.8,0
18164,37,24,399.65,68.33,28.77,29.19,34.94,0
18165,177,10,302.46,41.09,11.83,21.02,21.46,0
18166,623,10,175.5,5.01,11.83,11.13,10.41,0
18167,23,37,1384.86,76.96,40.31,63.12,58.81,1
18168,176,355,3770.27,41.25,92.18,84.65,80.25,1
18169,60,9,202.65,59.32,10.38,13.45,19.47,0
18170,33,126,2878.0,70.06,73.33,79.56,76.39,1
18171,58,92,2437.31,60.26,65.96,76.4,71.06,1
18172,14,475,17479.84,85.13,94.99,98.05,95.26,1
18173,86,45,2696.36,51.66,46.1,78.3,65.29,1
18174,7,2,162.5,91.75,2.16,9.96,20.05,0
18175,675,7,176.1,2.43,7.81,11.18,8.92,0
18176,358,30,476.35,27.77,34.62,33.73,33.09,0
18177,31,99,2216.87,71.35,67.73,74.28,72.01,1
18178,128,350,6103.74,46.13,92.0,91.22,84.67,1
18179,9,109,2547.55,89.18,70.07,77.14,76.96,1
18180,4,119,1843.75,93.99,71.93,70.33,74.33,1
18181,24,176,1205.94,76.03,80.71,59.4,67.86,1
18182,463,10,291.13,13.95,11.83,20.06,16.84,0
18183,227,37,632.07,36.5,40.31,40.81,40.02,0
18184,15,1,49.8,84.24,0.86,1.04,13.47,0
18185,249,17,304.25,34.64,20.78,21.17,23.08,0
18186,722,11,329.58,1.41,13.32,23.82,17.52,0
18187,631,48,724.89,4.48,47.9,44.45,39.42,0
18188,15,133,3280.59,84.24,74.49,82.11,80.29,1
18189,77,86,1403.73,53.85,64.29,63.38,62.2,1
18190,192,42,745.62,39.55,43.97,45.16,43.99,0
18191,261,15,529.4,33.69,18.32,36.02,30.72,0
18192,71,45,957.97,55.84,46.1,52.77,51.36,1
18193,165,70,1207.35,42.36,58.52,59.42,56.61,1
18194,82,28,4162.04,52.33,32.66,86.19,66.13,1
18195,387,5,101.16,23.3,5.13,3.61,6.99,0
18196,95,268,1462.39,50.05,88.17,64.56,69.0,1
18197,575,9,230.1,7.71,10.38,15.94,13.15,0
18198,4,158,5425.56,93.99,78.49,89.92,87.33,1
18199,683,20,344.75,2.06,24.59,24.97,21.42,0
18200,106,29,163.8,48.79,33.69,10.06,22.48,0
18201,722,27,447.53,1.41,31.64,32.28,27.47,0
18202,199,68,1396.99,38.89,57.72,63.33,58.09,1
18203,157,58,494.42,43.1,53.2,34.43,40.99,0
18204,71,186,1993.7,55.84,81.68,71.98,72.27,1
18205,36,32,517.36,68.89,36.31,35.58,40.78,0
18206,553,19,314.66,8.72,23.43,22.4,20.64,0
18207,499,31,544.47,11.81,35.52,36.88,32.74,0
18208,565,17,360.08,8.06,20.78,26.33,22.04,0
18209,28,8,139.1,73.75,9.04,7.52,17.88,0
18210,1,144,2768.83,98.82,76.51,78.71,81.11,1
18211,25,42,600.07,75.21,43.97,39.23,45.96,1
18212,326,42,546.72,28.74,43.97,37.03,37.73,0
18213,236,15,232.48,35.9,18.32,16.13,19.71,0
18214,530,54,1780.34,10.06,51.38,69.26,55.37,0
18215,89,89,2247.49,50.98,65.09,74.62,68.41,1
18216,31,26,481.75,71.35,30.75,33.85,38.61,0
18217,29,40,945.04,72.9,42.53,52.19,52.59,1
18218,211,38,1142.0,37.99,41.08,57.83,50.16,0
18219,2,190,3562.89,97.17,82.08,83.65,85.24,1
18220,226,25,1921.76,36.59,29.8,71.12,54.37,0
18221,22,84,1424.94,78.0,63.56,63.88,65.91,1
18222,92,19,443.0,50.58,23.43,32.06,32.42,0
18223,4,576,14000.85,93.99,96.34,97.23,96.5,1
18224,263,10,158.95,33.43,11.83,9.45,13.71,0
18225,3,564,13054.26,95.6,96.23,96.89,96.51,1
18226,44,528,11878.88,65.48,95.81,96.34,91.57,1
18227,217,6,388.75,37.33,6.46,28.45,23.63,0
18228,56,30,779.9,61.2,34.62,46.29,45.26,0
18229,11,201,10803.71,86.73,83.21,95.92,90.98,1
18230,9,140,4291.06,89.18,75.82,86.62,83.98,1
18231,192,373,6875.07,39.55,92.92,92.67,84.77,1
18232,81,37,592.97,52.55,40.31,38.96,41.38,0
18233,325,1,440.0,28.82,0.86,31.95,22.78,0
18234,551,30,179.6,8.82,34.62,11.6,17.63,0
18235,71,104,1796.48,55.84,68.94,69.57,67.33,1
18236,29,98,1795.35,72.9,67.53,69.53,69.48,1
18237,2,61,987.1,97.17,54.63,53.5,60.37,1
18238,515,14,270.92,10.78,17.13,18.85,17.16,0
18239,218,96,2150.36,37.1,67.09,73.75,66.39,1
18240,46,6,422.58,64.59,6.46,30.83,29.07,0
18241,9,159,2986.99,89.18,78.67,80.19,81.12,1
18242,72,140,3605.21,55.35,75.82,83.82,77.31,1
18243,414,26,515.78,19.17,30.75,35.48,31.71,0
18244,430,19,568.64,16.82,23.43,38.0,30.75,0
18245,7,458,6324.98,91.75,94.71,91.58,92.48,1
18246,23,5,758.82,76.96,5.13,45.47,38.9,0
18247,414,37,839.73,19.17,40.31,48.63,41.88,0
18248,122,47,804.02,46.77,47.28,47.4,47.27,0
18249,17,8,95.34,82.05,9.04,3.26,16.7,0
18250,310,21,349.27,29.95,25.62,25.31,26.09,0
18251,87,108,26278.86,51.47,69.87,98.87,83.64,1
18252,50,130,1542.09,63.46,74.09,65.68,67.7,1
18253,642,7,317.88,3.96,7.81,22.71,15.73,0
18254,581,16,267.9,7.27,19.57,18.73,17.25,0
18255,89,19,303.15,50.98,23.43,21.05,26.21,0
18256,387,10,110.7,23.3,11.83,4.43,9.33,0
18257,39,274,4585.15,67.44,88.48,87.85,84.97,1
18258,464,50,2059.67,13.8,49.13,72.76,57.3,0
18259,24,85,4318.2,76.03,63.91,86.71,78.72,1
18260,172,410,9962.11,41.69,93.88,95.49,86.97,1
18261,43,21,324.24,65.96,25.62,23.35,30.38,0
18262,140,42,577.54,44.79,43.97,38.52,40.98,0
18263,25,61,1213.16,75.21,54.63,59.62,60.56,1
18264,498,36,603.25,11.89,39.65,39.39,35.34,0
18265,72,46,801.51,55.35,46.68,47.35,48.36,1
18266,434,14,251.1,16.2,17.13,17.62,17.27,0
18267,672,17,269.37,2.57,20.78,18.76,16.9,0
18268,134,67,1490.23,45.38,57.27,64.85,59.81,1
18269,366,7,337.2,27.02,7.81,24.42,20.16,0
18270,38,17,444.55,67.87,20.78,32.13,34.31,0
18271,609,21,680.85,5.72,25.62,42.69,32.36,0
18272,2,226,4385.98,97.17,85.21,87.0,88.02,1
18273,2,4,357.0,97.17,4.04,25.94,30.49,0
18274,30,11,175.92,72.08,13.32,11.16,20.9,0
18275,578,19,741.85,7.43,23.43,44.94,33.29,0
18276,43,94,1656.52,65.96,66.55,67.38,66.93,1
18277,58,64,1180.05,60.26,56.05,58.68,58.18,1
18278,73,24,414.2,54.93,28.77,30.16,33.49,0
18279,519,13,231.34,10.67,15.88,16.06,15.2,0
18280,277,30,488.15,32.15,34.62,34.11,33.96,0
18281,180,17,201.14,40.79,20.78,13.33,19.53,0
18282,7,12,178.05,91.75,14.64,11.38,24.35,0
18283,3,903,2730.7,95.6,98.51,78.42,86.62,1
18284,431,27,411.68,16.65,31.64,29.96,28.43,0
18285,660,11,377.0,3.14,13.32,27.48,19.86,0
18286,476,66,1246.43,12.99,56.84,60.3,52.24,0
18287,42,152,4132.99,66.38,77.61,86.09,80.76,1
